{"cand_form": "C21H20O12", "cand_ion": "[M+Na]+", "output_tbl": {"mz": [324.0224338064996, 185.04242813259987, 325.0300013790745, 365.0519527522572, 97.02821264313805, 487.0851329414096, 85.02813062134402, 323.97859671501544, 281.978408136887], "ms2_inten": [1.0, 0.5744562646538028, 0.22803508501982758, 0.18708286933869708, 0.11832159566199232, 0.11401754250991379, 0.10488088481701516, 0.08944271909999159, 0.07745966692414834], "mono_mass": [324.024048328, 185.04204411999999, 325.03187335999996, 365.047917348, 97.02600013200001, 487.08469678, 85.026000132, 323.981789592, 281.97709813599994], "abs_mass_diff": [0.001614521500414412, 0.0003840125998806343, 0.001871980925443495, 0.004035404257194841, 0.0022125111380404405, 0.00043616140959557015, 0.002130489344025932, 0.003192876984542181, 0.001310000887087881], "mass_diff": [4.9827460446105265, 1.9200629994031713, 5.759409646804418, 11.054328642184998, 11.062555690202203, 0.8954521090834342, 10.65244672012966, 9.855209624698645, 4.645748927172957], "formula": ["C15H9O7", "C6H10O5", "C15H10O7", "C14H14O10", "C3H6O2", "C21H20O12", "C2H6O2", "C21HO3", "C12H3O7"], "ions": ["[M+Na]+", "[M+Na]+", "[M+Na]+", "[M+Na]+", "[M+Na]+", "[M+Na]+", "[M+Na]+", "[M+Na]+", "[M+Na]+"]}}