{"cand_form": "C21H20O11", "cand_ion": "[M+Na]+", "output_tbl": {"mz": [324.02556962311, 85.02813173941281, 169.0467491641601], "ms2_inten": [0.51478150704935, 0.4505552130427524, 0.31144823004794875], "mono_mass": [324.024048328, 85.026000132, 169.0471295], "abs_mass_diff": [0.001521295110023857, 0.002131607412820813, 0.0003803358399068202], "mass_diff": [4.6949847562750975, 10.658037064104064, 1.901679199534101], "formula": ["C15H9O7", "C2H6O2", "C6H10O4"], "ions": ["[M+Na]+", "[M+Na]+", "[M+Na]+"]}}