{"cand_form": "C41H32O28", "cand_ion": "[M+Na]+", "output_tbl": {"mz": [277.0325080299738, 259.0222783413859, 136.12115853439238], "ms2_inten": [0.650384501660364, 0.6099180272790763, 0.3], "mono_mass": [277.03187335999996, 259.021308676, 136.122246244], "abs_mass_diff": [0.0006346699738628558, 0.0009696653859236903, 0.001087709607617171], "mass_diff": [2.2909584812847563, 3.743559790041271, 5.438548038085855], "formula": ["C11H10O7", "C11H8O6", "C8H17"], "ions": ["[M+Na]+", "[M+Na]+", "[M+Na]+"]}}