{"cand_form": "C21H20O10", "cand_ion": "[M+H]+", "output_tbl": {"mz": [271.0591601953642, 433.1121904623134, 271.09510414735183, 271.0256189532048, 271.1046904090843, 271.1142771796181, 270.05324200132094, 254.05758501893598], "ms2_inten": [1.0, 0.1224744871391589, 0.08366600265340755, 0.07745966692414834, 0.044721359549995794, 0.03162277660168379, 0.03162277660168379, 0.03162277660168379], "mono_mass": [271.06009987199997, 433.11292329199995, 271.09648538, 271.023714364, 271.102358608, 271.11174152, 270.05227484, 254.05736022], "abs_mass_diff": [0.000939676635766773, 0.0007328296865694028, 0.001381232648157038, 0.0019045892047984125, 0.00233180108432407, 0.0025356596181040914, 0.0009671613209434327, 0.0002247989359887015], "mass_diff": [3.466684671676496, 1.6920089129497013, 5.0950114075327555, 7.027340116977127, 8.601109338261507, 9.352733631302534, 3.581372746262761, 0.8848345778455946], "formula": ["C15H10O5", "C21H20O10", "C16H14O4", "C14H6O6", "C9H18O9", "C20H14O", "C15H9O5", "C15H9O4"], "ions": ["[M+H]+", "[M+H]+", "[M+H]+", "[M+H]+", "[M+H]+", "[M+H]+", "[M+H]+", "[M+H]+"]}}