{"cand_form": "C15H14O6", "cand_ion": "[M+H]+", "output_tbl": {"mz": [139.03873539851494, 123.04385925379636, 165.054733248585, 147.04433649765377, 291.08607305101833, 207.0657097599488, 273.07581996364166, 249.07497641268205, 169.04911134345252, 151.03850482568248, 163.03884865065106, 181.04977942596474, 179.0702240897575, 161.0596902212921, 189.05411293761438, 127.0385506596079, 119.04895759124382, 205.08669559856781, 153.0546863000625, 231.064913522512, 139.05193988526923, 95.04899906262187, 139.02641290726314, 137.0593461602277, 135.0435118240493, 255.06504093542978, 203.070644437042, 227.07052285977653, 68.99714170895116, 163.07462150594185, 165.03879524055932, 111.04368214174146, 65.03857080600055, 111.00788021155242, 121.02812010692345, 245.07992179051993, 175.07537110125602, 143.0493427006234, 213.05410439271554], "ms2_inten": [1.0, 0.6648308055437865, 0.5319774431308154, 0.372827037646145, 0.3563705936241092, 0.3563705936241092, 0.19493588689617927, 0.19235384061671346, 0.18708286933869708, 0.17888543819998318, 0.161245154965971, 0.14491376746189438, 0.11832159566199232, 0.10488088481701516, 0.10488088481701516, 0.09486832980505137, 0.09486832980505137, 0.09486832980505137, 0.08944271909999159, 0.08366600265340755, 0.07745966692414834, 0.07745966692414834, 0.07745966692414834, 0.06324555320336758, 0.05477225575051661, 0.05477225575051661, 0.05477225575051661, 0.044721359549995794, 0.044721359549995794, 0.044721359549995794, 0.044721359549995794, 0.03162277660168379, 0.03162277660168379, 0.03162277660168379, 0.03162277660168379, 0.03162277660168379, 0.03162277660168379, 0.03162277660168379, 0.03162277660168379], "mono_mass": [139.03897050400002, 123.044055884, 165.05462056800002, 147.04405588400002, 291.08631462, 207.06518525200002, 273.07574993599997, 249.075749936, 169.04953518800002, 151.03897050400002, 163.03897050400002, 181.04953518800002, 179.07027063200002, 161.05970594800002, 189.05462056800002, 127.038970504, 119.049141264, 205.08592069600002, 153.05462056800002, 231.06518525200002, 139.054226644, 95.049141264, 139.02371436400003, 137.05970594800002, 135.04405588400002, 255.06518525200002, 203.07027063200002, 227.07027063200002, 68.997105692, 163.07535601200001, 165.03936442800003, 111.044055884, 65.03857658, 111.00767037600001, 121.02840582, 245.08083531600002, 175.07535601200001, 143.049141264, 213.05462056800002], "abs_mass_diff": [0.00023510548507488238, 0.000196630203646464, 0.00011268058497648781, 0.00028061365375720015, 0.00024156898166438623, 0.000524507948767905, 7.002764169783404e-05, 0.000773523317946001, 0.00042384454749822, 0.00046567831753918654, 0.00012185334895775668, 0.0002442379647220605, 4.6542242529312716e-05, 1.5726707914609506e-05, 0.0005076303856412778, 0.00041984439209841184, 0.00018367275617947598, 0.0007749025677981081, 6.573206249527175e-05, 0.0002717294880199006, 0.002286758730775773, 0.00014220137812515077, 0.002698543263107922, 0.0003597877723109377, 0.0005440599507267052, 0.00014431657024260858, 0.00037380504198836206, 0.00025222777651379147, 3.601695115662551e-05, 0.0007345060581656071, 0.0005691874407034447, 0.00037374225854591714, 5.773999447455935e-06, 0.00020983555241116392, 0.00028571307655056444, 0.0009135254800867187, 1.5089256010014651e-05, 0.00020143662339933144, 0.0005161752844742296], "mass_diff": [1.175527425374412, 0.9831510182323199, 0.563402924882439, 1.4030682687860008, 0.8298884901375776, 2.533050737256144, 0.2564402871962731, 3.1055842264314104, 2.1192227374911, 2.3283915876959327, 0.6092667447887834, 1.2211898236103025, 0.23271121264656358, 0.07863353957304753, 2.538151928206389, 2.0992219604920592, 0.9183637808973799, 3.778414614056122, 0.32866031247635874, 1.1759876645807879, 11.433793653878865, 0.7110068906257538, 13.49271631553961, 1.7989388615546886, 2.720299753633526, 0.5658030191567593, 1.8407635580447121, 1.1107904863087419, 0.18008475578312755, 3.6725302908280355, 2.8459372035172237, 1.8687112927295857, 0.028869997237279676, 1.0491777620558196, 1.4285653827528222, 3.727459489184705, 0.07544628005007326, 1.0071831169966572, 2.42274273920009], "formula": ["C7H6O3", "C7H6O2", "C9H8O3", "C9H6O2", "C15H14O6", "C11H10O4", "C15H12O5", "C13H12O5", "C8H8O4", "C8H6O3", "C9H6O3", "C9H8O4", "C10H10O3", "C10H8O2", "C11H8O3", "C6H6O3", "C8H6O", "C12H12O3", "C8H8O3", "C13H10O4", "C11H6", "C6H6O", "C3H6O6", "C8H8O2", "C8H6O2", "C15H10O4", "C12H10O3", "C14H10O3", "C3O2", "C10H10O2", "C5H8O6", "C6H6O2", "C5H4", "C5H2O3", "C7H4O2", "C14H12O4", "C11H10O2", "C10H6O", "C13H8O3"], "ions": ["[M+H]+", "[M+H]+", "[M+H]+", "[M+H]+", "[M+H]+", "[M+H]+", "[M+H]+", "[M+H]+", "[M+H]+", "[M+H]+", "[M+H]+", "[M+H]+", "[M+H]+", "[M+H]+", "[M+H]+", "[M+H]+", "[M+H]+", "[M+H]+", "[M+H]+", "[M+H]+", "[M+H]+", "[M+H]+", "[M+H]+", "[M+H]+", "[M+H]+", "[M+H]+", "[M+H]+", "[M+H]+", "[M+H]+", "[M+H]+", "[M+H]+", "[M+H]+", "[M+H]+", "[M+H]+", "[M+H]+", "[M+H]+", "[M+H]+", "[M+H]+", "[M+H]+"]}}