{"cand_form": "C21H20O12", "cand_ion": "[M+Na]+", "output_tbl": {"mz": [324.022444707656, 185.04108290998192, 325.0300123133163, 365.0482202822852, 487.08514932980074, 97.02821590777945, 309.0719119298085, 85.02813348211085, 361.0409879632694], "ms2_inten": [1.0, 0.5440588203494178, 0.20493901531919198, 0.15811388300841897, 0.10954451150103323, 0.08944271909999159, 0.08366600265340755, 0.08366600265340755, 0.07745966692414834], "mono_mass": [324.024048328, 185.04204411999999, 325.03187335999996, 365.047917348, 487.08469678, 97.02600013200001, 309.07334424799996, 85.026000132, 361.03774658799995], "abs_mass_diff": [0.0016036203439853125, 0.0009612100180618199, 0.001861046683643508, 0.00030293428517325083, 0.00045254980074105333, 0.0022157757794474264, 0.0014323181914619454, 0.0021333501108529163, 0.0032413752694537834], "mass_diff": [4.9491026630335835, 4.8060500903091, 5.725768738701985, 0.8298473142506961, 0.9290979233584395, 11.078878897237132, 4.634255447279954, 10.666750554264581, 8.97785951600472], "formula": ["C15H9O7", "C6H10O5", "C15H10O7", "C14H14O10", "C21H20O12", "C3H6O2", "C16H14O5", "C2H6O2", "C11H14O12"], "ions": ["[M+Na]+", "[M+Na]+", "[M+Na]+", "[M+Na]+", "[M+Na]+", "[M+Na]+", "[M+Na]+", "[M+Na]+", "[M+Na]+"]}}