{"cand_form": "C23H28O7", "cand_ion": "[M+Na]+", "output_tbl": {"mz": [409.1253663791997], "ms2_inten": [0.5205766033928149], "mono_mass": [409.12577374399996], "abs_mass_diff": [0.0004073648002531627], "mass_diff": [0.9956967563717248], "formula": ["C21H22O7"], "ions": ["[M+Na]+"]}}