{"cand_form": "C21H18O12", "cand_ion": "[M+Na]+", "output_tbl": {"mz": [309.0369292098015, 485.0656255567031, 199.02116887073555, 181.01056172009632, 327.0466189318773, 308.9931814485326, 309.0806862633987, 309.0048466067584, 350.0639595343325], "ms2_inten": [1.0, 0.7238784428341544, 0.2645751311064591, 0.10488088481701516, 0.07745966692414834, 0.07745966692414834, 0.07071067811865475, 0.06324555320336758, 0.044721359549995794], "mono_mass": [309.03695874, 485.06904671599995, 199.02130867600002, 181.010743992, 327.04752342399996, 308.994700004, 309.079217476, 309.00644645999995, 350.06082776], "abs_mass_diff": [2.9530198503380234e-05, 0.003421159296863152, 0.0001398052644674408, 0.00018227190366815194, 0.0009044921226859515, 0.0015185554673848856, 0.0014687873987213607, 0.0015998532415437694, 0.0031317743325303127], "mass_diff": [0.09555556541054203, 7.052982352515158, 0.699026322337204, 0.9113595183407597, 2.7656366717380867, 4.914527434767435, 4.752116401960035, 5.177437373918452, 8.946291805349826], "formula": ["C15H10O6", "C21H18O12", "C6H8O6", "C6H6O5", "C15H12O7", "C21H2O2", "C9H18O10", "C7H10O12", "C14H15O9"], "ions": ["[M+Na]+", "[M+Na]+", "[M+Na]+", "[M+Na]+", "[M+Na]+", "[M+Na]+", "[M+Na]+", "[M+Na]+", "[M+Na]+"]}}