{"cand_form": "C41H32O26", "cand_ion": "[M+Na]+", "output_tbl": {"mz": [793.0883860827992, 471.05228373549267, 641.0760471599183, 623.0591413781121, 794.0846297716283, 453.04366458872613, 301.0304957504338, 174.99883731665125, 153.01753185558482, 455.05917018034387, 963.1114025761183, 454.04973987938297, 302.0397407320358, 625.0763932105727, 792.908542073502, 283.02003839491573, 425.0462476018081, 624.070729864303, 345.0186952819325, 792.9445059814269, 154.02143598552493, 749.0918697171668, 472.0528880706056, 132.01776940193244, 305.0294582225444, 579.0669872732824, 409.04995398917555, 771.1077498365248, 623.00069500708, 586.9955935043823, 855.8991939902457, 511.16589762218786], "ms2_inten": [1.0, 0.4929503017546495, 0.3, 0.25099800796022265, 0.19493588689617927, 0.17606816861659008, 0.17320508075688773, 0.14491376746189438, 0.1414213562373095, 0.12649110640673517, 0.12649110640673517, 0.08944271909999159, 0.08366600265340755, 0.08366600265340755, 0.08366600265340755, 0.07745966692414834, 0.07071067811865475, 0.07071067811865475, 0.07071067811865475, 0.06324555320336758, 0.06324555320336758, 0.06324555320336758, 0.06324555320336758, 0.05477225575051661, 0.05477225575051661, 0.05477225575051661, 0.044721359549995794, 0.044721359549995794, 0.044721359549995794, 0.044721359549995794, 0.044721359549995794, 0.044721359549995794], "mono_mass": [793.0858785519999, 471.053396652, 641.074919944, 623.058482032, 794.087830356, 453.042831968, 301.03187335999996, 175.000179308, 153.015829372, 455.058482032, 963.107401844, 454.05065699999994, 302.039698392, 625.0741320960001, 792.903951012, 283.021308676, 425.047917348, 624.072180292, 345.015829372, 792.9403365200001, 154.02365440399998, 749.0901760840001, 472.055348456, 132.0181751, 305.02678797999994, 579.068652792, 409.0471295, 771.107401844, 623.000967156, 586.9950939280001, 855.90629674, 511.16685070799997], "abs_mass_diff": [0.0025075307992210583, 0.0011129165073384684, 0.0011272159182453834, 0.0006593461121155997, 0.0032005843717115567, 0.0008326207261575291, 0.0013776095661910404, 0.001341991348766669, 0.0017024835848076236, 0.0006881483438974101, 0.004000732118242922, 0.0009171206169753532, 4.2340035804500076e-05, 0.002261114572661427, 0.004591061501969307, 0.00127028108425975, 0.0016697461919079615, 0.0014504276970228602, 0.0028659099324954695, 0.004169461426840826, 0.0022184184750528857, 0.0016936331667238846, 0.0024603853943858667, 0.00040569806756707294, 0.0026702425444682376, 0.0016655187175729225, 0.002824489175566214, 0.00034799252478023845, 0.0002721489199757343, 0.0004995763822535082, 0.007102749754267279, 0.0009530858121138408], "mass_diff": [3.1617293144414673, 2.362617793746645, 1.7583185695974008, 1.058240010181419, 4.030533083900663, 1.8378376991837724, 4.576312319311109, 6.709956743833345, 8.512417924038118, 1.5122172873138475, 4.153966101472596, 2.0198681695511675, 0.1401803474664726, 3.6173411717689254, 5.7901526574091555, 4.488307935593051, 3.928387090414249, 2.3241399213487215, 8.306535186893532, 5.258200788818488, 11.092092375264428, 2.2609151630004294, 5.212096899654734, 2.0284903378353647, 8.75404808449705, 2.8762107911133685, 6.904998150032689, 0.45128910305208714, 0.4368356603079576, 0.8510734795657006, 8.298582127591331, 1.8645332494740956], "formula": ["C34H26O21", "C20H16O12", "C27H22O17", "C34H16O11", "C41H23O16", "C20H14O11", "C13H10O7", "C7H4O4", "C5H6O4", "C20H16O11", "C41H32O26", "C20H15O11", "C13H11O7", "C34H18O11", "C29H6O26", "C13H8O6", "C19H14O10", "C27H21O16", "C21H6O4", "C30H10O25", "C5H7O4", "C40H22O14", "C27H13O7", "C6H5O2", "C12H10O8", "C33H16O9", "C26H10O4", "C25H32O26", "C36H8O10", "C40H4O5", "C37H5O24", "C36H24O2"], "ions": ["[M+Na]+", "[M+Na]+", "[M+Na]+", "[M+Na]+", "[M+Na]+", "[M+Na]+", "[M+Na]+", "[M+Na]+", "[M+Na]+", "[M+Na]+", "[M+Na]+", "[M+Na]+", "[M+Na]+", "[M+Na]+", "[M+Na]+", "[M+Na]+", "[M+Na]+", "[M+Na]+", "[M+Na]+", "[M+Na]+", "[M+Na]+", "[M+Na]+", "[M+Na]+", "[M+Na]+", "[M+Na]+", "[M+Na]+", "[M+Na]+", "[M+Na]+", "[M+Na]+", "[M+Na]+", "[M+Na]+", "[M+Na]+"]}}