{"cand_form": "C28H36O8", "cand_ion": "[M+Na]+", "output_tbl": {"mz": [315.1209743751058, 493.1825154402712, 409.160856478805, 299.09086574645005, 477.18780258150855, 386.17286299214635, 302.1129084912183, 465.1847622643772, 314.1142530504376, 287.0895572083265, 300.098737712521, 285.07614715661225, 523.2264735617161, 395.147400750051, 393.130945707574, 325.1072172545317, 271.09405596083144, 342.10896527071105, 340.1301300056046, 371.14722990938344, 312.13595417410613, 343.1543475087609, 326.11353128312385, 462.1615165476187, 411.14098359903926, 425.1543089557418, 379.11633707583536, 297.112290371524, 351.1197042610822, 394.13718903148936, 283.096630224687, 301.1061021112803, 284.10179880097735, 327.086408703106, 311.12581254926835, 405.1338004249866, 463.17137295887454, 325.0663064163255, 425.08371732865504, 441.1871427079005], "ms2_inten": [1.0, 0.5, 0.3301514803843836, 0.2863564212655271, 0.2863564212655271, 0.2720294101747089, 0.2645751311064591, 0.216794833886788, 0.2073644135332772, 0.17320508075688773, 0.17320508075688773, 0.17029386365926402, 0.1673320053068151, 0.1673320053068151, 0.15165750888103102, 0.14832396974191325, 0.1341640786499874, 0.1341640786499874, 0.1341640786499874, 0.130384048104053, 0.12649110640673517, 0.1224744871391589, 0.1224744871391589, 0.11832159566199232, 0.11832159566199232, 0.11832159566199232, 0.11401754250991379, 0.10954451150103323, 0.10954451150103323, 0.10954451150103323, 0.10954451150103323, 0.10488088481701516, 0.10488088481701516, 0.1, 0.1, 0.1, 0.1, 0.09486832980505137, 0.08944271909999159, 0.08944271909999159], "mono_mass": [315.12029443999995, 493.18328862, 409.162159252, 299.08899431199995, 477.188374, 386.16998428399995, 302.112469408, 465.188374, 314.112469408, 287.08899431199995, 300.096819344, 285.07334424799996, 523.230238812, 395.146509188, 393.130859124, 325.10464437599995, 271.094079692, 342.10738402799996, 340.128119472, 371.146509188, 312.133204852, 343.151594568, 326.112469408, 462.164898904, 411.14142380799996, 425.15707387199996, 379.11520906, 297.109729756, 351.12029443999995, 394.13868415599995, 283.094079692, 301.10464437599995, 284.101904724, 327.083908932, 311.12537982, 405.130859124, 463.17272393599995, 325.068258868, 425.078429628, 441.188374], "abs_mass_diff": [0.0006799351058361935, 0.0007731797288101916, 0.0013027731949932786, 0.0018714344500949665, 0.0005714184914609177, 0.0028787081463974573, 0.0004390832183389648, 0.003611735622826018, 0.0017836424376014293, 0.0005628963265280618, 0.0019183685209895884, 0.002802908612295596, 0.003765250283890964, 0.0008915620510379085, 8.658357404556227e-05, 0.002572878531736933, 2.3731168539598002e-05, 0.0015812427110972749, 0.0020105336046185585, 0.000720721383459022, 0.0027493221061263284, 0.0027529407608994916, 0.0010618751238666846, 0.0033823563812802604, 0.0004402089606969639, 0.002764916258172434, 0.0011280158353770275, 0.002560615524032528, 0.0005901789177755745, 0.001495124510597634, 0.002550532686996121, 0.0014577352803257781, 0.00010592302265877152, 0.002499771105988202, 0.00043272926836834813, 0.0029413009866061657, 0.0013509771254121006, 0.0019524516744695575, 0.005287700655060235, 0.0012312920995327659], "mass_diff": [2.1576954919758196, 1.5677354825119112, 3.184012288479418, 6.257076575790342, 1.1974708665427667, 7.454454785073808, 1.4533745695666886, 7.7640884134836945, 5.678323795498158, 1.9606994138055538, 6.392457814425351, 9.8321400799477, 7.196215165222983, 2.2562771496043896, 0.2202410545161369, 7.913938526078875, 0.08753850561381088, 4.622044060862411, 5.911071755346782, 1.9418746130342612, 8.808091696456044, 8.022456311235304, 3.256151683398842, 7.318559118783227, 1.0707007529229264, 6.50332408711459, 2.975381762963669, 8.618342650284196, 1.6808481854289072, 3.7934114115737048, 9.009406734978882, 4.841267812589996, 0.37283474833953467, 7.6425404403067905, 1.3908497813881104, 7.260073051225872, 2.9167975489971725, 6.00631820625843, 12.439198302606425, 2.7908612476224746], "formula": ["C16H20O5", "C26H30O8", "C22H26O6", "C15H16O5", "C26H30O7", "C20H27O6", "C15H19O5", "C25H30O7", "C16H19O5", "C14H16O5", "C15H17O5", "C14H14O5", "C28H36O8", "C21H24O6", "C21H22O6", "C17H18O5", "C14H16O4", "C17H19O6", "C18H21O5", "C19H24O6", "C17H21O4", "C18H24O5", "C17H19O5", "C25H27O7", "C21H24O7", "C22H26O7", "C20H20O6", "C16H18O4", "C19H20O5", "C21H23O6", "C15H16O4", "C15H18O5", "C15H17O4", "C16H16O6", "C17H20O4", "C22H22O6", "C25H28O7", "C16H14O6", "C27H14O4", "C23H30O7"], "ions": ["[M+Na]+", "[M+Na]+", "[M+Na]+", "[M+Na]+", "[M+Na]+", "[M+Na]+", "[M+Na]+", "[M+Na]+", "[M+Na]+", "[M+Na]+", "[M+Na]+", "[M+Na]+", "[M+Na]+", "[M+Na]+", "[M+Na]+", "[M+Na]+", "[M+Na]+", "[M+Na]+", "[M+Na]+", "[M+Na]+", "[M+Na]+", "[M+Na]+", "[M+Na]+", "[M+Na]+", "[M+Na]+", "[M+Na]+", "[M+Na]+", "[M+Na]+", "[M+Na]+", "[M+Na]+", "[M+Na]+", "[M+Na]+", "[M+Na]+", "[M+Na]+", "[M+Na]+", "[M+Na]+", "[M+Na]+", "[M+Na]+", "[M+Na]+", "[M+Na]+"]}}