{"cand_form": "C27H30O14", "cand_ion": "[M+H]+", "output_tbl": {"mz": [287.05417216089324, 433.1121999428223, 129.05411805718165, 85.02813365238153, 287.0933442457756, 287.0176187769362, 287.0254510568111, 434.1157059211014, 288.0568830783319, 147.0644443315248, 287.08289757537506, 397.09208974534056, 433.03961736493886, 415.1010849657531, 287.1037914908258, 87.0439093413302, 111.04368330953231, 433.0057517315996, 280.98448974212346, 285.038554229861, 329.06277467137886, 293.12587437139166], "ms2_inten": [1.0, 0.724568837309472, 0.2449489742783178, 0.2345207879911715, 0.07745966692414834, 0.07745966692414834, 0.07745966692414834, 0.07745966692414834, 0.07071067811865475, 0.06324555320336758, 0.05477225575051661, 0.05477225575051661, 0.05477225575051661, 0.044721359549995794, 0.044721359549995794, 0.03162277660168379, 0.03162277660168379, 0.03162277660168379, 0.03162277660168379, 0.03162277660168379, 0.03162277660168379, 0.03162277660168379], "mono_mass": [287.055014492, 433.11292329199995, 129.05462056800002, 85.02840582, 287.09139999999996, 287.018628984, 287.02450221199996, 434.120748324, 288.056966296, 147.06518525200002, 287.085526772, 397.091793924, 433.040152276, 415.102358608, 287.10665614, 87.044055884, 111.044055884, 433.003766768, 280.986934932, 285.039364428, 329.06557917599997, 293.123094052], "abs_mass_diff": [0.0008423311067531358, 0.0007233491776332812, 0.0005025108183644988, 0.00027216761847626003, 0.0019442457756326803, 0.001010207063757207, 0.0009488448111483194, 0.00504240289859581, 8.32176680773955e-05, 0.0007409204752093501, 0.0026291966249232246, 0.0002958213405577226, 0.0005349110611518881, 0.0012736422468719866, 0.0028646491741710634, 0.00014654266979619024, 0.0003725744676899012, 0.001984963599625189, 0.002445189876539189, 0.000810198138992746, 0.002804504621110482, 0.0027803193916611235], "mass_diff": [2.9343977145923907, 1.6701196081033385, 2.5125540918224942, 1.3608380923813002, 6.772172934696269, 3.5196691689589885, 3.3057863254102653, 11.615343167317343, 0.28889317688953103, 3.7046023760467506, 9.158318545370387, 0.7449691096778986, 1.2352473993184285, 3.0682700985401308, 9.977747626724048, 0.7327133489809512, 1.862872338449506, 4.584150653166327, 8.70222366644966, 2.8424159713474597, 8.522703985314726, 9.48506984456257], "formula": ["C15H10O6", "C21H20O10", "C6H8O3", "C4H4O2", "C16H14O5", "C14H6O7", "C7H10O12", "C21H21O10", "C22H7O", "C6H10O4", "C23H10", "C21H16O8", "C19H12O12", "C21H18O9", "C20H14O2", "C4H6O2", "C6H6O2", "C18H8O13", "C18O4", "C15H8O6", "C17H12O7", "C12H20O8"], "ions": ["[M+H]+", "[M+H]+", "[M+H]+", "[M+H]+", "[M+H]+", "[M+H]+", "[M+H]+", "[M+H]+", "[M+H]+", "[M+H]+", "[M+H]+", "[M+H]+", "[M+H]+", "[M+H]+", "[M+H]+", "[M+H]+", "[M+H]+", "[M+H]+", "[M+H]+", "[M+H]+", "[M+H]+", "[M+H]+"]}}