{"cand_form": "C14H6O8", "cand_ion": "[M+H]+", "output_tbl": {"mz": [257.00847611014495, 201.0174599880378, 247.02265831829345, 229.01277622829923, 275.0184829289746, 173.02322973535107, 285.0012265049104, 231.02813793644816, 191.03376421257937, 303.0143042610413, 203.03400249647243, 219.02817375106738, 147.0437543318778, 145.02844657443313, 213.01811626119832, 163.0381741504584, 175.03855237905967, 259.0222770034028, 185.02269885071067, 157.02756958729955, 241.01240300011676, 117.0331317844856, 129.03314396895888, 91.05410833889525, 286.01137085807517, 119.0484878200618, 211.00272403181606, 68.99718631570836], "ms2_inten": [1.0, 0.7758865896508329, 0.7078135347674556, 0.7028513356322231, 0.7, 0.4909175083453431, 0.44944410108488464, 0.41952353926806063, 0.3346640106136302, 0.32710854467592254, 0.31464265445104544, 0.2792848008753788, 0.27386127875258304, 0.2569046515733026, 0.25298221281347033, 0.24289915602982237, 0.2345207879911715, 0.232379000772445, 0.21213203435596426, 0.19748417658131498, 0.17029386365926402, 0.15811388300841897, 0.14491376746189438, 0.1414213562373095, 0.1341640786499874, 0.1224744871391589, 0.1224744871391589, 0.10488088481701516], "mono_mass": [257.0080643, 201.01823506000002, 247.02371436400003, 229.01314968, 275.018628984, 173.02332044000002, 285.00297892, 231.028799744, 191.03388512400002, 303.01354360399995, 203.03388512400002, 219.028799744, 147.04405588400002, 145.02840582000002, 213.01823506000002, 163.03897050400002, 175.03897050400002, 259.023714364, 185.02332044000002, 157.02840582000002, 241.01314968, 117.0334912, 129.03349120000001, 91.054226644, 286.010803952, 119.049141264, 211.00258499600002, 68.997105692], "abs_mass_diff": [0.0004118101449535061, 0.0007750719622094948, 0.0010560457065764695, 0.00037345170076719114, 0.00014605502536824133, 9.070464895444275e-05, 0.001752415089583792, 0.0006618075518360911, 0.00012091142065173699, 0.0007606570413258851, 0.0001173724724026215, 0.0006259929326120073, 0.000301552122209614, 4.0754433115353095e-05, 0.00011879880170795332, 0.0007963535416308787, 0.00041812494035298187, 0.001437360597208226, 0.0006215892893521868, 0.0008362327004647341, 0.0007466798832354016, 0.0003594155143957778, 0.0003472310411325452, 0.00011830510474908351, 0.0005669060751642974, 0.0006534439382051005, 0.00013903581603358361, 8.062370835659749e-05], "mass_diff": [1.6023212587627595, 3.855744482372914, 4.275096518537722, 1.6307024739742162, 0.5310734893623896, 0.45352324477221373, 6.14879841421875, 2.8646188197999622, 0.604557103258685, 2.5103007700606534, 0.5780926887094232, 2.8580475374070757, 1.5077606110480701, 0.20377216557676547, 0.5576934196633526, 3.981767708154394, 2.0906247017649093, 5.549177521859802, 3.107946446760934, 4.18116350232367, 3.0980973341651623, 1.797077571978889, 1.736155205662726, 0.5915255237454176, 1.9821102687753211, 3.2672196910255025, 0.6589290099051949, 0.40311854178298745], "formula": ["C13H4O6", "C11H4O4", "C12H6O6", "C12H4O5", "C13H6O7", "C10H4O3", "C14H4O7", "C12H6O5", "C10H6O4", "C14H6O8", "C11H6O4", "C11H6O5", "C9H6O2", "C9H4O2", "C12H4O4", "C9H6O3", "C10H6O3", "C13H6O6", "C11H4O3", "C10H4O2", "C13H4O5", "C8H4O", "C9H4O", "C7H6", "C14H5O7", "C8H6O", "C12H2O4", "C3O2"], "ions": ["[M+H]+", "[M+H]+", "[M+H]+", "[M+H]+", "[M+H]+", "[M+H]+", "[M+H]+", "[M+H]+", "[M+H]+", "[M+H]+", "[M+H]+", "[M+H]+", "[M+H]+", "[M+H]+", "[M+H]+", "[M+H]+", "[M+H]+", "[M+H]+", "[M+H]+", "[M+H]+", "[M+H]+", "[M+H]+", "[M+H]+", "[M+H]+", "[M+H]+", "[M+H]+", "[M+H]+", "[M+H]+"]}}