{"cand_form": "C21H20O9", "cand_ion": "[M+Na]+", "output_tbl": {"mz": [72.99181152863582], "ms2_inten": [0.3065941943351178], "mono_mass": [72.989614624], "abs_mass_diff": [0.002196904635823671], "mass_diff": [10.984523179118355], "formula": ["H2O3"], "ions": ["[M+Na]+"]}}