{"cand_form": "C27H30O16", "cand_ion": "[M+H]+", "output_tbl": {"mz": [303.04957838790517, 465.1007324572278, 85.02813179109442, 129.05411523221161, 304.05192078919094, 303.09206994054557, 145.0496514862784, 127.0385492147283, 356.0689928071149, 147.0653986566117, 83.0490585810783, 97.02821397784228, 239.09437890122007, 255.08691059486827, 345.06139846620636, 355.0682453451673, 447.08885670852163, 449.11069450388203], "ms2_inten": [1.0, 0.17888543819998318, 0.15491933384829668, 0.15165750888103102, 0.08366600265340755, 0.07745966692414834, 0.06324555320336758, 0.05477225575051661, 0.044721359549995794, 0.044721359549995794, 0.03162277660168379, 0.03162277660168379, 0.03162277660168379, 0.03162277660168379, 0.03162277660168379, 0.03162277660168379, 0.03162277660168379, 0.03162277660168379], "mono_mass": [303.049929112, 465.102752532, 85.02840582, 129.05462056800002, 304.051880916, 303.092187848, 145.04953518800002, 127.038970504, 356.067924904, 147.06518525200002, 83.049141264, 97.02840582, 239.0914, 255.08631462000002, 345.060493796, 355.0659731, 447.092187848, 449.107837912], "abs_mass_diff": [0.00035072409480108035, 0.002020074772190128, 0.000274028905579371, 0.0005053357884037268, 3.987319092857433e-05, 0.00011790745440976025, 0.00011629827838532947, 0.00042128927169926556, 0.0010679031149152252, 0.00021340461168506408, 8.268292170043878e-05, 0.0001918421577187246, 0.0029789012200751586, 0.00059597486824714, 0.0009046702063528755, 0.0022722451673189425, 0.0033311394783481774, 0.002856591882050452], "mass_diff": [1.157315897506881, 4.343305936152015, 1.370144527896855, 2.526678942018634, 0.13113941469299156, 0.3890153062496453, 0.5814913919266473, 2.1064463584963278, 2.999146616211302, 1.0670230584253204, 0.4134146085021939, 0.959210788593623, 12.459101856618167, 2.336360054137288, 2.621765895501854, 6.399460377286225, 7.450732507341163, 6.360551901811281], "formula": ["C15H10O7", "C21H20O12", "C4H4O2", "C6H8O3", "C22H7O2", "C9H18O11", "C6H8O4", "C6H6O3", "C22H11O5", "C6H10O4", "C5H6O", "C5H4O2", "C12H14O5", "C12H14O6", "C17H12O8", "C15H14O10", "C21H18O11", "C21H20O11"], "ions": ["[M+H]+", "[M+H]+", "[M+H]+", "[M+H]+", "[M+H]+", "[M+H]+", "[M+H]+", "[M+H]+", "[M+H]+", "[M+H]+", "[M+H]+", "[M+H]+", "[M+H]+", "[M+H]+", "[M+H]+", "[M+H]+", "[M+H]+", "[M+H]+"]}}