{"cand_form": "C21H20O12", "cand_ion": "[M+H]+", "output_tbl": {"mz": [303.0495741065498, 85.02813058967908, 145.0496494368677, 127.03854741974314, 97.02821260699086, 303.09206565824064, 303.00992338082494, 99.0439438920437, 81.03323585324233, 87.04390620599247, 91.03860216915439, 465.1007258843416, 286.04628727462267, 109.0284421157324, 345.0613935928261, 287.0541618220945, 288.05949761645144, 289.0595693298256, 302.0409063828835, 302.97311182290645, 69.0334641834038], "ms2_inten": [1.0, 0.130384048104053, 0.11832159566199232, 0.10488088481701516, 0.07745966692414834, 0.07071067811865475, 0.07071067811865475, 0.044721359549995794, 0.03162277660168379, 0.03162277660168379, 0.03162277660168379, 0.03162277660168379, 0.03162277660168379, 0.03162277660168379, 0.03162277660168379, 0.03162277660168379, 0.03162277660168379, 0.03162277660168379, 0.03162277660168379, 0.03162277660168379, 0.03162277660168379], "mono_mass": [303.049929112, 85.02840582, 145.04953518800002, 127.038970504, 97.02840582, 303.092187848, 303.00767037599996, 99.044055884, 81.0334912, 87.044055884, 91.038970504, 465.102752532, 286.04718945999997, 109.02840582, 345.060493796, 287.055014492, 288.06283952399997, 289.055408416, 302.04210408, 302.977158096, 69.0334912], "abs_mass_diff": [0.00035500545016020624, 0.00027523032092346966, 0.00011424886767485987, 0.00042308425686599094, 0.00019321300914043604, 0.0001221897593381982, 0.0022530048249791435, 0.0001119919563024041, 0.00025534675766891723, 0.00014967800753140637, 0.0003683348456178237, 0.002026647658396996, 0.0009021853772992472, 3.629573240004902e-05, 0.0008997968261041933, 0.00085266990549826, 0.0033419075485312533, 0.004160913825614898, 0.0011976971164813222, 0.004046273093536001, 2.7016596206408394e-05], "mass_diff": [1.171443488105313, 1.3761516046173483, 0.5712443383742993, 2.1154212843299547, 0.9660650457021802, 0.4031440383397447, 7.435415975296464, 0.5599597815120205, 1.2767337883445862, 0.7483900376570318, 1.8416742280891185, 4.357438175447979, 3.1539838740612347, 0.1814786620002451, 2.607642705941069, 2.970414712282462, 11.601448923517086, 14.394658634764557, 3.9653473790171185, 13.355221752817211, 0.13508298103204197], "formula": ["C15H10O7", "C4H4O2", "C6H8O4", "C6H6O3", "C5H4O2", "C9H18O11", "C21H2O3", "C5H6O2", "C5H4O", "C4H6O2", "C3H6O3", "C21H20O12", "C15H9O6", "C6H4O2", "C17H12O8", "C15H10O6", "C15H11O6", "C11H12O9", "C15H9O7", "C13H2O9", "C4H4O"], "ions": ["[M+H]+", "[M+H]+", "[M+H]+", "[M+H]+", "[M+H]+", "[M+H]+", "[M+H]+", "[M+H]+", "[M+H]+", "[M+H]+", "[M+H]+", "[M+H]+", "[M+H]+", "[M+H]+", "[M+H]+", "[M+H]+", "[M+H]+", "[M+H]+", "[M+H]+", "[M+H]+", "[M+H]+"]}}