{"cand_form": "C23H28O13", "cand_ion": "[M+Na]+", "output_tbl": {"mz": [185.04168772626795, 203.05271994741426, 165.05409780651604, 151.03894694411395, 95.0098683893777, 190.02284663063324, 147.04380995981919, 113.02066600639071, 91.05367629314793, 173.01962940256817, 157.04664732324505, 443.08407997129177, 471.11267085704685, 535.1406989332303, 119.04853285736922, 267.9276527618414], "ms2_inten": [1.0, 0.6928203230275509, 0.5412947441089743, 0.4242640687119285, 0.4159326868617084, 0.382099463490856, 0.3807886552931954, 0.37013511046643494, 0.3646916505762094, 0.34351128074635334, 0.34351128074635334, 0.33166247903553997, 0.3286335345030997, 0.3065941943351178, 0.30166206257996714, 0.29832867780352595], "mono_mass": [185.04204411999999, 203.05260880400002, 165.05221488, 151.036564816, 95.01035006800001, 190.02365440399998, 147.041650196, 113.02091475200001, 91.051820956, 173.020914752, 157.0471295, 443.0796114, 471.110911528, 535.142211656, 119.046735576, 267.93093579199996], "abs_mass_diff": [0.0003563937320336663, 0.00011114341424445229, 0.0018829265160320574, 0.0023821281139362327, 0.0004816786223074132, 0.0008077733667448683, 0.002159763819179261, 0.0002487456092978846, 0.0018553371479299585, 0.0012853494318392222, 0.0004821767549572087, 0.004468571291795342, 0.0017593290468767009, 0.0015127227696893897, 0.001797281369221082, 0.0032830301585704547], "mass_diff": [1.7819686601683316, 0.5473623513796602, 9.414632580160287, 11.910640569681163, 2.408393111537066, 4.038866833724342, 10.798819095896306, 1.243728046489423, 9.276685739649793, 6.426747159196111, 2.4108837747860434, 10.08515424901944, 3.7344124998296784, 2.8267757857044113, 8.98640684610541, 12.253420371986435], "formula": ["C6H10O5", "C6H12O6", "C7H10O3", "C6H8O3", "C3H4O2", "C8H7O4", "C7H8O2", "C3H6O3", "C5H8", "C8H6O3", "C5H10O4", "C16H20O13", "C18H24O13", "C23H28O13", "C6H8O", "C3HO13"], "ions": ["[M+Na]+", "[M+Na]+", "[M+Na]+", "[M+Na]+", "[M+Na]+", "[M+Na]+", "[M+Na]+", "[M+Na]+", "[M+Na]+", "[M+Na]+", "[M+Na]+", "[M+Na]+", "[M+Na]+", "[M+Na]+", "[M+Na]+", "[M+Na]+"]}}