{"cand_form": "C21H20O9", "cand_ion": "[M+Na]+", "output_tbl": {"mz": [277.0460066685538, 368.99694952814974], "ms2_inten": [0.9115920140062659, 0.5009990019950139], "mono_mass": [277.0471295, 369.00057323199997], "abs_mass_diff": [0.0011228314461959599, 0.003623703850223592], "mass_diff": [4.052869989709934, 9.820416821486893], "formula": ["C15H10O4", "C19H6O7"], "ions": ["[M+Na]+", "[M+Na]+"]}}