{"cand_form": "C26H32O13", "cand_ion": "[M+H]+", "output_tbl": {"mz": [305.0650866513326, 259.05919000543855, 287.0542796031683, 153.0181528485959, 195.02877265468197, 231.06500243803399, 149.0228815443356, 123.04390660248592, 179.03298853426702, 305.105141460785, 306.06882838070106, 127.03859954541987, 167.03407810756354, 347.0766765816393, 371.07611602896657, 317.0656199260445, 431.0965365168195, 145.0497089530077, 85.02816547791541, 203.03343899499916, 241.04964957802642, 245.04500066861638, 259.0771004413991, 171.02888548401882, 305.1165871392071, 329.06610274997115, 353.06525792314306, 383.076551062083, 225.97234062101435, 385.020197362093], "ms2_inten": [1.0, 0.47853944456021597, 0.4774934554525329, 0.3674234614174767, 0.282842712474619, 0.1341640786499874, 0.11832159566199232, 0.11401754250991379, 0.08944271909999159, 0.07071067811865475, 0.07071067811865475, 0.07071067811865475, 0.06324555320336758, 0.06324555320336758, 0.06324555320336758, 0.06324555320336758, 0.05477225575051661, 0.05477225575051661, 0.05477225575051661, 0.044721359549995794, 0.044721359549995794, 0.044721359549995794, 0.044721359549995794, 0.044721359549995794, 0.044721359549995794, 0.044721359549995794, 0.044721359549995794, 0.044721359549995794, 0.03162277660168379, 0.03162277660168379], "mono_mass": [305.06557917599997, 259.06009987199997, 287.055014492, 153.01823506000002, 195.028799744, 231.06518525200002, 149.02332044000002, 123.044055884, 179.03388512400002, 305.107837912, 306.06753097999996, 127.038970504, 167.03388512400002, 347.07614385999995, 371.07614385999995, 317.06557917599997, 431.097273228, 145.04953518800002, 85.02840582, 203.03388512400002, 241.04953518800002, 245.044449808, 259.075356012, 171.028799744, 305.11722082399996, 329.06557917599997, 353.06557917599997, 383.07614385999995, 225.974418444, 385.01902290799995], "abs_mass_diff": [0.0004925246673792572, 0.0009098665614146739, 0.0007348888316869306, 8.221140413411376e-05, 2.708931802430925e-05, 0.00018281396603470057, 0.00043889566441635, 0.0001492815140835546, 0.0008965897330028838, 0.0026964512150016162, 0.001297400701105289, 0.0003709585801345838, 0.00019298356352237533, 0.0005327216393311573, 2.7831033378333814e-05, 4.0750044547621656e-05, 0.0007367111804796878, 0.00017376500767340985, 0.0002403420845951132, 0.0004461290008634933, 0.00011439002639690443, 0.0005508606163857621, 0.0017444293991388804, 8.574001881811455e-05, 0.0006336847928309908, 0.000523573971179303, 0.0003212528569065398, 0.00040720208306765926, 0.0020778229856546204, 0.0011744540930180847], "mass_diff": [1.6144904445987207, 3.512195654574434, 2.56010407753844, 0.4110570206705688, 0.13544659012154625, 0.7911798156612957, 2.19447832208175, 0.7464075704177731, 4.482948665014419, 8.837777043321934, 4.23891811514869, 1.8547929006729191, 0.9649178176118767, 1.534881699853579, 0.07500087495839074, 0.1285224319089739, 1.7089239139617733, 0.8688250383670493, 1.201710422975566, 2.197317855973871, 0.4745496481623261, 2.247997775440078, 6.733244258820376, 0.42870009409057275, 2.0768611722242323, 1.591090564490994, 0.909896540929189, 1.062978357559835, 9.195032365219449, 3.0503700872439348], "formula": ["C15H12O7", "C14H10O5", "C15H10O6", "C7H4O4", "C9H6O5", "C13H10O4", "C8H4O3", "C7H6O2", "C9H6O4", "C9H20O11", "C22H9O2", "C6H6O3", "C8H6O4", "C17H14O8", "C19H14O8", "C16H12O7", "C21H18O10", "C6H8O4", "C4H4O2", "C11H6O4", "C14H8O4", "C13H8O5", "C18H10O2", "C7H6O5", "C20H16O3", "C17H12O7", "C19H12O7", "C20H14O8", "C8HO8", "C18H8O10"], "ions": ["[M+H]+", "[M+H]+", "[M+H]+", "[M+H]+", "[M+H]+", "[M+H]+", "[M+H]+", "[M+H]+", "[M+H]+", "[M+H]+", "[M+H]+", "[M+H]+", "[M+H]+", "[M+H]+", "[M+H]+", "[M+H]+", "[M+H]+", "[M+H]+", "[M+H]+", "[M+H]+", "[M+H]+", "[M+H]+", "[M+H]+", "[M+H]+", "[M+H]+", "[M+H]+", "[M+H]+", "[M+H]+", "[M+H]+", "[M+H]+"]}}