{"cand_form": "C29H28O8", "cand_ion": "[M+Na]+", "output_tbl": {"mz": [383.14726033633093, 353.138448316002, 314.0784803972465, 405.12954148532367, 341.1022744100708, 384.1518691989502, 327.08650494642274, 321.1128298732639, 527.1685329797181, 315.0850294662754, 325.1419358284261, 323.1273184560692, 383.0908933529742, 311.09054960747756, 313.0707984699472, 446.1545015882974, 355.15298536698737, 297.0766355842901, 354.14177907342355, 352.1287320077098, 295.1315916057575, 383.1029709445523, 300.06254357330414, 368.12544802142787, 322.1192639751129, 293.1166779663793, 355.11705295679104, 165.05407910855595, 226.04615075867312, 307.0964125507241, 238.06068149869455, 263.1054972813788, 283.0941561449353, 285.0762310384422, 310.0825428592462, 328.09245736816445, 338.1151363066157, 341.1259523369593, 342.1022712950551, 353.18833534432446], "ms2_inten": [1.0, 0.4626013402488151, 0.22583179581272428, 0.1816590212458495, 0.17888543819998318, 0.14491376746189438, 0.130384048104053, 0.12649110640673517, 0.1224744871391589, 0.10954451150103323, 0.1, 0.08366600265340755, 0.07071067811865475, 0.07071067811865475, 0.07071067811865475, 0.07071067811865475, 0.06324555320336758, 0.06324555320336758, 0.06324555320336758, 0.06324555320336758, 0.05477225575051661, 0.05477225575051661, 0.044721359549995794, 0.044721359549995794, 0.044721359549995794, 0.044721359549995794, 0.044721359549995794, 0.03162277660168379, 0.03162277660168379, 0.03162277660168379, 0.03162277660168379, 0.03162277660168379, 0.03162277660168379, 0.03162277660168379, 0.03162277660168379, 0.03162277660168379, 0.03162277660168379, 0.03162277660168379, 0.03162277660168379, 0.03162277660168379], "mono_mass": [383.146509188, 353.13594450399995, 314.07608389999996, 405.130859124, 341.099558996, 384.15433421999995, 327.083908932, 321.109729756, 527.167638556, 315.083908932, 325.141029884, 323.12537982, 383.08899431199995, 311.08899431199995, 313.068258868, 446.14885491599995, 355.151594568, 297.07334424799996, 354.143769536, 352.128119472, 295.13046519999995, 383.104250452, 300.06043383599996, 368.12303409199995, 322.11755478799995, 293.114815136, 355.11520906, 165.05221488, 226.044783772, 307.094079692, 238.060039912, 263.104250452, 283.094079692, 285.07334424799996, 310.08116928, 328.09173396399996, 338.112469408, 341.13007127599997, 342.10151079999997, 353.187586152], "abs_mass_diff": [0.0007511483309485811, 0.002503812002032646, 0.0023964972465364553, 0.0013176386763120718, 0.0027154140707921215, 0.002465021049772531, 0.002596014422749704, 0.003100117263898028, 0.000894423718023063, 0.0011205342754010417, 0.0009059444261083627, 0.0019386360692124072, 0.0018990409742514203, 0.0015552954776012484, 0.002539601947205483, 0.0056466722974732875, 0.0013907989873587212, 0.0032913362901467735, 0.0019904625764297634, 0.0006125357098198947, 0.0011264057575317565, 0.0012795074476912305, 0.0021097373041811807, 0.002413929427916628, 0.0017091871129650826, 0.0018628303793093437, 0.0018438967910583415, 0.0018642285559451466, 0.0013669866731333968, 0.0023328587241167043, 0.0006415866945417292, 0.0012468293788288065, 7.645293533187214e-05, 0.002886790442232723, 0.0013735792462057361, 0.0007234041644892386, 0.0026668986157005747, 0.004118939040665737, 0.0007604950551467482, 0.0007491923244629106], "mass_diff": [1.960469012069184, 7.090171047566415, 7.6302497500158735, 3.25238853597598, 7.960703503042813, 6.416787857658217, 7.936782421442104, 9.654292745392874, 1.69665612051521, 3.5562917010024946, 2.786304460543102, 5.999604361758644, 4.95715509609275, 4.999494454472057, 8.111909381574817, 12.656315866748612, 3.916056022791356, 11.079081610283406, 5.6205245866150255, 1.7395220955911186, 3.8166221088131804, 3.3398525846368803, 7.030991869419316, 6.557355490881787, 5.306069223780219, 6.355252086757791, 5.19236340723603, 9.321142779725733, 6.047378681501159, 7.596502690279322, 2.6950552712134765, 4.738895202540682, 0.27006186342020655, 10.126380693743082, 4.429721304334234, 2.2048789853083415, 7.887545777548775, 12.074540246639188, 2.2230049869819166, 2.1212261263739656], "formula": ["C20H24O6", "C19H22O5", "C15H15O6", "C22H22O6", "C17H18O6", "C20H25O6", "C16H16O6", "C18H18O4", "C29H28O8", "C15H16O6", "C18H22O4", "C18H20O4", "C22H16O5", "C16H16O5", "C15H14O6", "C28H23O4", "C19H24O5", "C15H14O5", "C19H23O5", "C19H21O5", "C17H20O3", "C26H16O2", "C14H13O6", "C19H21O6", "C18H19O4", "C17H18O3", "C18H20O6", "C7H10O3", "C8H11O6", "C17H16O4", "C13H11O3", "C16H16O2", "C15H16O4", "C14H14O5", "C16H15O5", "C16H17O6", "C18H19O5", "C25H18", "C24H15O", "C24H26O"], "ions": ["[M+Na]+", "[M+Na]+", "[M+Na]+", "[M+Na]+", "[M+Na]+", "[M+Na]+", "[M+Na]+", "[M+Na]+", "[M+Na]+", "[M+Na]+", "[M+Na]+", "[M+Na]+", "[M+Na]+", "[M+Na]+", "[M+Na]+", "[M+Na]+", "[M+Na]+", "[M+Na]+", "[M+Na]+", "[M+Na]+", "[M+Na]+", "[M+Na]+", "[M+Na]+", "[M+Na]+", "[M+Na]+", "[M+Na]+", "[M+Na]+", "[M+Na]+", "[M+Na]+", "[M+Na]+", "[M+Na]+", "[M+Na]+", "[M+Na]+", "[M+Na]+", "[M+Na]+", "[M+Na]+", "[M+Na]+", "[M+Na]+", "[M+Na]+", "[M+Na]+"]}}