{"cand_form": "C27H30O14", "cand_ion": "[M+Na]+", "output_tbl": {"mz": [308.03015196430795, 309.0369076462365, 496.0255018792847, 126.99935356547938], "ms2_inten": [0.5431390245600107, 0.41231056256176607, 0.3, 0.282842712474619], "mono_mass": [308.02913370799996, 309.03695874, 496.02483617599995, 127.000179308], "abs_mass_diff": [0.0010182563079865758, 5.109376348855221e-05, 0.0006657032847670052, 0.0008257425206181779], "mass_diff": [3.3057033588859936, 0.16533223775019365, 1.3420747164104765, 4.128712603090889], "formula": ["C15H9O6", "C15H10O6", "C21H13O13", "C3H4O4"], "ions": ["[M+Na]+", "[M+Na]+", "[M+Na]+", "[M+Na]+"]}}