{"cand_form": "C39H44N2O7", "cand_ion": "[M+Na]+", "output_tbl": {"mz": [419.1609779865662, 417.14099882815225, 403.1273824321573, 199.06099115893448, 645.2619788497819, 379.1679233865956, 581.20497528981, 184.07376052591601, 394.1918702563089, 259.0805127402457, 387.1322013249488, 258.0736813999451, 402.121068380965, 433.17319383504406, 439.1395143232944, 418.14915878099555, 214.08376686652096, 404.1331166839766, 109.99465012763936, 84.99036084872932], "ms2_inten": [1.0, 0.6228964600958975, 0.5648008498577175, 0.5585696017507576, 0.5449770637375485, 0.42778499272414877, 0.42544094772365293, 0.41952353926806063, 0.3987480407475377, 0.3781534080237807, 0.3714835124201342, 0.36055512754639896, 0.35916569992135944, 0.3449637662132068, 0.3346640106136302, 0.31622776601683794, 0.2863564212655271, 0.27568097504180444, 0.27386127875258304, 0.26267851073127396], "mono_mass": [419.16176532799994, 417.142092504, 403.12644243999995, 199.06037426, 645.257122256, 379.16685070799997, 581.2046927600001, 184.073284672, 394.190325804, 259.081503628, 387.13152782, 258.073678596, 402.122640168, 433.173392632, 439.139018504, 418.149917536, 214.083849356, 404.134267472, 109.99743965600001, 84.989614624], "abs_mass_diff": [0.0007873414337495888, 0.0010936758477555486, 0.0009399921573276515, 0.000616898934481469, 0.00485659378193759, 0.0010726785956194362, 0.00028252980996512633, 0.00047585391601501215, 0.0015444523089058748, 0.0009908877543125527, 0.000673504948849768, 2.80394510809856e-06, 0.001571787034947647, 0.00019879695594227087, 0.0004958192944286566, 0.000758755004426348, 8.248947904121451e-05, 0.0011507880233807555, 0.002789528360651161, 0.0007462247293261726], "mass_diff": [1.8783748371128728, 2.6218373423565238, 2.3317497106162066, 3.084494672407345, 7.526545714958689, 2.8290330733640263, 0.48611044636059186, 2.3792695800750607, 3.9180217184632724, 3.8246325199534303, 1.7397285644147313, 0.010864901422292636, 3.908740820957318, 0.4589318055031226, 1.1290700978997634, 1.8145558552318979, 0.3853140303376942, 2.8475469489441694, 13.947641803255806, 3.731123646630863], "formula": ["C27H24O3", "C22H22N2O5", "C21H20N2O5", "C10H10NO2", "C37H38N2O7", "C25H24O2", "C35H30N2O5", "C10H11NO", "C26H27O2", "C12H14NO4", "C21H20N2O4", "C12H13NO4", "C26H19O3", "C23H26N2O5", "C25H22NO5", "C22H23N2O5", "C11H13NO2", "C21H21N2O5", "C3H3O3", "CH2O3"], "ions": ["[M+Na]+", "[M+Na]+", "[M+Na]+", "[M+Na]+", "[M+Na]+", "[M+Na]+", "[M+Na]+", "[M+Na]+", "[M+Na]+", "[M+Na]+", "[M+Na]+", "[M+Na]+", "[M+Na]+", "[M+Na]+", "[M+Na]+", "[M+Na]+", "[M+Na]+", "[M+Na]+", "[M+Na]+", "[M+Na]+"]}}