{"cand_form": "C27H24O18", "cand_ion": "[M+H]+", "output_tbl": {"mz": [153.01849118327237, 171.02809744344637, 297.0600635755656, 209.99756780733338, 342.05462491629623, 192.01855301795277], "ms2_inten": [1.0, 0.6655824516917495, 0.3619392214170772, 0.3301514803843836, 0.322490309931942, 0.3178049716414141], "mono_mass": [153.01823506000002, 171.028799744, 297.060493796, 209.994759964, 342.05227484, 192.02058078800002], "abs_mass_diff": [0.00025612327235080556, 0.0007023005536268556, 0.0004302204343957783, 0.0028078433333860175, 0.0023500762962385124, 0.002027770047249078], "mass_diff": [1.2806163617540278, 3.511502768134278, 1.4482607632188147, 13.37083739923184, 6.870470752481703, 10.13885023624539], "formula": ["C7H4O4", "C7H6O5", "C13H12O8", "C12HO4", "C21H9O5", "C13H3O2"], "ions": ["[M+H]+", "[M+H]+", "[M+H]+", "[M+H]+", "[M+H]+", "[M+H]+"]}}