{"cand_form": "C16H12O6", "cand_ion": "[M+H]+", "output_tbl": {"mz": [286.0463075963756, 258.0523974464221, 301.07094204219584, 229.04908634635743, 153.018100934668, 257.04490838888364, 149.05995367919562, 171.02882745956188, 285.0385642148093, 269.0434506466067, 230.05744020810843, 68.9974525634439, 151.03851170420342, 75.08242797070761, 90.00973010141458, 106.04120895339805, 134.03641634019309, 201.0551017783323, 155.04930316213384, 170.02096247364648, 175.038072543039, 184.05176415692983, 188.04632691422145, 202.06296336257802, 203.03337011366213, 212.04588761725887, 213.05411409589234, 257.99231226997443], "ms2_inten": [1.0, 0.9664367542679656, 0.31304951684997057, 0.18439088914585774, 0.12649110640673517, 0.11832159566199232, 0.05477225575051661, 0.044721359549995794, 0.044721359549995794, 0.044721359549995794, 0.044721359549995794, 0.03162277660168379, 0.03162277660168379, 0.03162277660168379, 0.03162277660168379, 0.03162277660168379, 0.03162277660168379, 0.03162277660168379, 0.03162277660168379, 0.03162277660168379, 0.03162277660168379, 0.03162277660168379, 0.03162277660168379, 0.03162277660168379, 0.03162277660168379, 0.03162277660168379, 0.03162277660168379, 0.03162277660168379], "mono_mass": [286.04718945999997, 258.05227484, 301.070664556, 229.04953518800002, 153.01823506000002, 257.04444980799997, 149.05970594800002, 171.028799744, 285.039364428, 269.04444980799997, 230.05736022, 68.997105692, 151.03897050400002, 75.080441392, 90.010016104, 106.041316232, 134.03623085200002, 201.05462056800002, 155.049141264, 170.02097471200003, 175.03897050400002, 184.05188091600002, 188.04679553600002, 202.06244560000002, 203.03388512400002, 212.04679553600002, 213.05462056800002, 257.99475996399997], "abs_mass_diff": [0.0008818636243859146, 0.0001226064221100387, 0.0002774861958414476, 0.0004488416425942887, 0.00013412533201062615, 0.000458580883673676, 0.00024773119559995394, 2.7715561884633644e-05, 0.0008002131907005605, 0.000999161393281156, 7.998810843901083e-05, 0.00034687144389522473, 0.00045879979660412573, 0.0019865787076156494, 0.0002860025854261039, 0.00010727860194492678, 0.000185488193068295, 0.0004812103322819894, 0.00016189813382538887, 1.2238353548355008e-05, 0.0008979609610264561, 0.0001167590701811605, 0.0004686217785661029, 0.0005177625779992923, 0.0005150103378923632, 0.0009079187411487055, 0.0005064721076735168, 0.0024476940255340196], "mass_diff": [3.082940072871923, 0.4751221973649547, 0.9216638243439556, 1.9595871337184516, 0.6706266600531308, 1.7840496687835117, 1.2386559779997697, 0.13857780942316822, 2.807385705526877, 3.7137547518061393, 0.3476875530156908, 1.7343572194761236, 2.2939989830206287, 9.932893538078247, 1.4300129271305195, 0.5363930097246339, 0.927440965341475, 2.3934251258768575, 0.8094906691269443, 0.06119176774177503, 4.48980480513228, 0.5837953509058025, 2.3431088928305144, 2.562382385089685, 2.5365797632381812, 4.281708791200382, 2.3771993787717314, 9.487468847415288], "formula": ["C15H9O6", "C14H9O5", "C16H12O6", "C13H8O4", "C7H4O4", "C14H8O5", "C9H8O2", "C7H6O5", "C15H8O6", "C15H8O5", "C13H9O4", "C3O2", "C8H6O3", "C4H10O", "C6HO", "C7H5O", "C8H5O2", "C12H8O3", "C11H6O", "C7H5O5", "C10H6O3", "C12H7O2", "C11H7O3", "C12H9O3", "C11H6O4", "C13H7O3", "C13H8O3", "C16HO4"], "ions": ["[M+H]+", "[M+H]+", "[M+H]+", "[M+H]+", "[M+H]+", "[M+H]+", "[M+H]+", "[M+H]+", "[M+H]+", "[M+H]+", "[M+H]+", "[M+H]+", "[M+H]+", "[M+H]+", "[M+H]+", "[M+H]+", "[M+H]+", "[M+H]+", "[M+H]+", "[M+H]+", "[M+H]+", "[M+H]+", "[M+H]+", "[M+H]+", "[M+H]+", "[M+H]+", "[M+H]+", "[M+H]+"]}}