{"cand_form": "C21H20O10", "cand_ion": "[M+H]+", "output_tbl": {"mz": [271.0591559637582, 433.11218370076074, 271.0256147216569, 271.09509991463176, 271.1046861778444, 271.0160326537593, 254.0575810528204, 270.05323778477936, 271.1142729467152, 271.00405578486414], "ms2_inten": [1.0, 0.2024845673131659, 0.08944271909999159, 0.07745966692414834, 0.044721359549995794, 0.044721359549995794, 0.03162277660168379, 0.03162277660168379, 0.03162277660168379, 0.03162277660168379], "mono_mass": [271.06009987199997, 433.11292329199995, 271.023714364, 271.09648538, 271.102358608, 271.01784113599996, 254.05736022, 270.05227484, 271.11174152, 271.002584996], "abs_mass_diff": [0.0009439082417657119, 0.000739591239209858, 0.0019003576568934477, 0.0013854653682301432, 0.002327569844453592, 0.0018084822406763124, 0.00022083282041762686, 0.0009629447793599866, 0.0025314267151657077, 0.0014707888641396494], "mass_diff": [3.4822961003092496, 1.7076204896624314, 7.011727134518682, 5.1106249012484115, 8.58550207032094, 6.672971421534927, 0.8692235024142583, 3.565759060172467, 9.337120792837176, 5.42718395811475], "formula": ["C15H10O5", "C21H20O10", "C14H6O6", "C16H14O4", "C9H18O9", "C21H2O", "C15H9O4", "C15H9O5", "C20H14O", "C17H2O4"], "ions": ["[M+H]+", "[M+H]+", "[M+H]+", "[M+H]+", "[M+H]+", "[M+H]+", "[M+H]+", "[M+H]+", "[M+H]+", "[M+H]+"]}}