{"cand_form": "C28H34O15", "cand_ion": "[M+Na]+", "output_tbl": {"mz": [331.10086826001435, 337.0542032472598, 325.06774922136333, 483.10984275741595, 174.99951759932554, 633.1784049717054, 247.02154386273492, 373.11067397030143, 319.04194032493143, 243.08373393427655, 487.11975091385574, 217.01037019135038, 289.08858811361694, 227.0521406053785, 185.0410713781952, 471.0322917348608, 451.21314928832436, 194.00617512927525], "ms2_inten": [1.0, 0.9197825830053535, 0.6715653356152326, 0.6534523701081816, 0.6268971207462992, 0.4147288270665544, 0.35916569992135944, 0.3209361307176242, 0.30983866769659335, 0.29832867780352595, 0.27748873851023215, 0.27748873851023215, 0.2588435821108957, 0.25298221281347033, 0.25298221281347033, 0.24083189157584592, 0.23874672772626646, 0.23664319132398465], "mono_mass": [331.09995291999996, 337.05300272799997, 325.068258868, 483.110911528, 175.000179308, 633.178991088, 247.02130867600002, 373.110517604, 319.042438044, 243.083908932, 487.12108228799997, 217.010743992, 289.08938823599993, 227.05260880400002, 185.04204411999999, 471.03226728399994, 451.209109444, 194.003312884], "abs_mass_diff": [0.0009153400143873114, 0.0012005192598394387, 0.0005096466366580898, 0.001068770584026879, 0.0006617086744711287, 0.0005861162945848264, 0.0002351867348977521, 0.00015636630143944785, 0.000497719068562219, 0.00017499772346241116, 0.0013313741442289029, 0.00037380064961212156, 0.0008001223829978699, 0.00046819862151892266, 0.0009727418047873471, 2.4450860848901357e-05, 0.004039844324381647, 0.002862245275252917], "mass_diff": [2.76453522818458, 3.5617988094299156, 1.5678166716902844, 2.212272426342473, 3.3085433723556434, 0.9256732225588425, 0.9520899724780314, 0.41908825543783335, 1.5600427581881933, 0.7199071720270923, 2.733155741952965, 1.722501322321695, 2.7677411558127907, 2.062075346528716, 4.863709023936735, 0.05190909684524239, 8.953294758261121, 14.311226376264585], "formula": ["C12H20O9", "C13H14O9", "C16H14O6", "C19H24O13", "C7H4O4", "C28H34O15", "C10H8O6", "C14H22O10", "C13H12O8", "C9H16O6", "C22H24O11", "C9H6O5", "C10H18O8", "C8H12O6", "C6H10O5", "C23H12O10", "C25H32O6", "C3H7O8"], "ions": ["[M+Na]+", "[M+Na]+", "[M+Na]+", "[M+Na]+", "[M+Na]+", "[M+Na]+", "[M+Na]+", "[M+Na]+", "[M+Na]+", "[M+Na]+", "[M+Na]+", "[M+Na]+", "[M+Na]+", "[M+Na]+", "[M+Na]+", "[M+Na]+", "[M+Na]+", "[M+Na]+"]}}