{"cand_form": "C15H10O5", "cand_ion": "[M+H]+", "output_tbl": {"mz": [271.0591741625499, 123.00723235690015, 253.0496182570821, 141.01815428971128, 169.0125413031387, 103.05420698018104, 225.05404982546156, 95.01269375689341, 105.03358942185922, 229.04908511214688, 141.06941698075713, 197.0595093171772, 151.0026391683148, 207.0433231080384, 179.04964807123812, 169.06446033506165, 129.03365860317692, 270.05325591507363, 95.0490028792611, 155.0493023260746, 115.05441948650314, 68.99714447985995, 153.03334532189288, 151.05445798040304, 129.06986617813726, 215.07024236641715, 242.0573890244427, 183.04375526406534, 131.048762854248, 153.06994312675923, 147.04434240217878, 152.06222534824147, 157.06520926903087, 254.0554239549999, 224.04596341866474, 201.05510069461118, 113.0230080691828], "ms2_inten": [1.0, 0.6618156843109719, 0.4438468204234429, 0.4266145801540308, 0.3987480407475377, 0.34351128074635334, 0.2810693864511039, 0.24899799195977465, 0.21908902300206645, 0.21908902300206645, 0.17029386365926402, 0.15811388300841897, 0.1414213562373095, 0.13784048752090222, 0.1341640786499874, 0.1224744871391589, 0.11832159566199232, 0.10954451150103323, 0.1, 0.08944271909999159, 0.08944271909999159, 0.08944271909999159, 0.07071067811865475, 0.06324555320336758, 0.06324555320336758, 0.06324555320336758, 0.05477225575051661, 0.05477225575051661, 0.05477225575051661, 0.044721359549995794, 0.044721359549995794, 0.044721359549995794, 0.044721359549995794, 0.044721359549995794, 0.044721359549995794, 0.044721359549995794, 0.03162277660168379], "mono_mass": [271.06009987199997, 123.00767037600001, 253.04953518800002, 141.01823506000002, 169.01314968, 103.054226644, 225.05462056800002, 95.012755756, 105.0334912, 229.04953518800002, 141.069876708, 197.05970594800002, 151.00258499600002, 207.04405588400002, 179.049141264, 169.064791328, 129.03349120000001, 270.05227484, 95.049141264, 155.049141264, 115.054226644, 68.997105692, 153.03349120000001, 151.054226644, 129.069876708, 215.07027063200002, 242.05736022, 183.04405588400002, 131.049141264, 153.069876708, 147.04405588400002, 152.062051676, 157.064791328, 254.05736022, 224.04679553600002, 201.05462056800002, 113.02332044], "abs_mass_diff": [0.0009257094500867424, 0.0004380190998602984, 8.306908208055575e-05, 8.077028874708958e-05, 0.0006083768612938911, 1.9663818960680146e-05, 0.0005707425384571252, 6.199910659177021e-05, 9.822185921848359e-05, 0.0004500758531378324, 0.00045972724288390054, 0.00019663082281340394, 5.4172314776224084e-05, 0.0007327759616089224, 0.0005068072381106958, 0.00033099293835903154, 0.00016740317690278061, 0.0009810750736392038, 0.00013838473890359637, 0.00016106207459642974, 0.0001928425031394454, 3.8787859949707126e-05, 0.00014587810713351246, 0.00023133640303285574, 1.0529862748853702e-05, 2.826558286983527e-05, 2.8804442706586997e-05, 0.00030061993467711545, 0.00037840975201675064, 6.641875921786777e-05, 0.00028651817876834684, 0.00017367224145914406, 0.0004179410308609022, 0.001936265000097137, 0.0008321173352783262, 0.00048012661116558775, 0.00031237081721258164], "mass_diff": [3.415156313918411, 2.190095499301492, 0.3282719122546271, 0.4038514437354479, 3.0418843064694556, 0.09831909480340073, 2.536024296828957, 0.30999553295885107, 0.49110929609241794, 1.9649755549884276, 2.2986362144195027, 0.9831541140670197, 0.2708615738811204, 3.539239762040279, 2.534036190553479, 1.6549646917951577, 0.8370158845139031, 3.6328948166717616, 0.6919236945179819, 0.8053103729821487, 0.9642125156972269, 0.19393929974853563, 0.7293905356675623, 1.1566820151642787, 0.05264931374426851, 0.13142488964921023, 0.11899840291046994, 1.5030996733855773, 1.8920487600837532, 0.33209379608933887, 1.4325908938417342, 0.8683612072957203, 2.089705154304511, 7.62142752142187, 3.7140474328626287, 2.3880349690549107, 1.5618540860629082], "formula": ["C15H10O5", "C6H2O3", "C15H8O4", "C6H4O4", "C7H4O5", "C8H6", "C14H8O3", "C5H2O2", "C7H4O", "C13H8O4", "C11H8", "C13H8O2", "C7H2O4", "C14H6O2", "C13H6O", "C12H8O", "C9H4O", "C15H9O5", "C6H6O", "C11H6O", "C9H6", "C3O2", "C11H4O", "C12H6", "C10H8", "C13H10O3", "C14H9O4", "C12H6O2", "C9H6O", "C12H8", "C9H6O2", "C12H7", "C11H8O", "C15H9O4", "C14H7O3", "C12H8O3", "C5H4O3"], "ions": ["[M+H]+", "[M+H]+", "[M+H]+", "[M+H]+", "[M+H]+", "[M+H]+", "[M+H]+", "[M+H]+", "[M+H]+", "[M+H]+", "[M+H]+", "[M+H]+", "[M+H]+", "[M+H]+", "[M+H]+", "[M+H]+", "[M+H]+", "[M+H]+", "[M+H]+", "[M+H]+", "[M+H]+", "[M+H]+", "[M+H]+", "[M+H]+", "[M+H]+", "[M+H]+", "[M+H]+", "[M+H]+", "[M+H]+", "[M+H]+", "[M+H]+", "[M+H]+", "[M+H]+", "[M+H]+", "[M+H]+", "[M+H]+", "[M+H]+"]}}