{"cand_form": "C28H34O9", "cand_ion": "[M+Na]+", "output_tbl": {"mz": [437.15510039961197, 537.2069543266731, 415.1719093847376, 371.1472783654787, 373.1284087481099, 340.13017441326014, 455.16851556861997, 385.164429782726, 342.10900993649466, 437.22872035544106, 437.2090865530724, 437.0864052074353, 343.1168528993181, 397.1625637400541, 341.13604494023315, 367.1527273836703, 437.1011242423611, 343.15439231237053, 356.1251673038736, 366.1462974753129, 437.0422525707474, 391.1132270897217, 422.1347270241427, 355.15292723271676, 300.0987768928871, 312.1004681273335, 325.1041124420232, 326.11673579144474, 331.1156167179143, 339.12204014296805, 357.1303919191079, 358.10349202420076, 372.15128380949784, 400.14978395675655, 405.1294751706384, 416.17749343816536], "ms2_inten": [1.0, 0.4898979485566356, 0.29832867780352595, 0.23021728866442676, 0.1224744871391589, 0.10488088481701516, 0.09486832980505137, 0.08944271909999159, 0.07071067811865475, 0.07071067811865475, 0.07071067811865475, 0.07071067811865475, 0.06324555320336758, 0.06324555320336758, 0.06324555320336758, 0.05477225575051661, 0.05477225575051661, 0.044721359549995794, 0.044721359549995794, 0.044721359549995794, 0.044721359549995794, 0.044721359549995794, 0.044721359549995794, 0.03162277660168379, 0.03162277660168379, 0.03162277660168379, 0.03162277660168379, 0.03162277660168379, 0.03162277660168379, 0.03162277660168379, 0.03162277660168379, 0.03162277660168379, 0.03162277660168379, 0.03162277660168379, 0.03162277660168379, 0.03162277660168379], "mono_mass": [437.15707387199996, 537.209503368, 415.17272393599995, 371.146509188, 373.12577374399996, 340.128119472, 455.167638556, 385.162159252, 342.10738402799996, 437.22984488799995, 437.20871552, 437.08430285599997, 343.11520906, 397.162159252, 341.13594450399995, 367.151594568, 437.099558996, 343.151594568, 356.12303409199995, 366.143769536, 437.04204411999996, 391.11520906, 422.133598776, 355.151594568, 300.096819344, 312.096819344, 325.10464437599995, 326.112469408, 331.11520906, 339.12029443999995, 357.130859124, 358.10229864799993, 372.14846099199997, 400.14924884, 405.130859124, 416.17467573999994], "abs_mass_diff": [0.00197347238798784, 0.002549041326915358, 0.0008145512623514151, 0.0007691774787303984, 0.0026350041099476584, 0.002054941260155374, 0.0008770126199806327, 0.002270530726036668, 0.0016259084947023439, 0.0011245325588902233, 0.00037103307238339767, 0.0021023514353259998, 0.0016438393180919775, 0.00040448805413006994, 0.00010043623319688777, 0.001132815670302989, 0.0015652463611104395, 0.002797744370525379, 0.0021332118736268058, 0.002527939312926719, 0.00020845074743647274, 0.001981970278279732, 0.0011282481427201674, 0.0013326647167559713, 0.0019575488871055313, 0.003648783333517258, 0.0005319339767311249, 0.004266383444758048, 0.00040765791430885656, 0.001745702968094065, 0.0004672048920610905, 0.0011933762008311533, 0.0028228174978721654, 0.0005351167565663673, 0.0013839533615964683, 0.0028176981654155497], "mass_diff": [4.514352883413348, 4.744989442868041, 1.96196140427356, 2.0724319523986074, 7.061923048926802, 6.041631747904285, 1.926786651499881, 5.89496472277435, 4.752603548804983, 2.571954920930274, 0.8486398928910603, 4.809921814722771, 4.790902295243232, 1.0184445641629265, 0.29441694797887497, 3.0854072047222187, 3.5809707966858295, 8.153019262474182, 5.990062117139236, 6.904178276163405, 0.4769578826997493, 5.067510227223961, 2.672720509572388, 3.752368668730505, 6.523015213101753, 11.691053702708947, 1.6361957796703854, 13.082381173735431, 1.231164867273991, 5.14771309867712, 1.308219358062685, 3.3324897059381495, 7.585134381310236, 1.3372911295241292, 3.4160767024259457, 6.770424181609899], "formula": ["C23H26O7", "C28H34O9", "C21H28O7", "C19H24O6", "C18H22O7", "C18H21O5", "C23H28O8", "C20H26O6", "C17H19O6", "C25H34O5", "C28H30O3", "C21H18O9", "C17H20O6", "C21H26O6", "C18H22O5", "C20H24O5", "C25H18O6", "C18H24O5", "C18H21O6", "C20H23O5", "C27H10O5", "C21H20O6", "C22H23O7", "C19H24O5", "C15H17O5", "C16H17O5", "C17H18O5", "C17H19O5", "C16H20O6", "C18H20O5", "C18H22O6", "C17H19O7", "C26H21O", "C20H25O7", "C22H22O6", "C28H25O2"], "ions": ["[M+Na]+", "[M+Na]+", "[M+Na]+", "[M+Na]+", "[M+Na]+", "[M+Na]+", "[M+Na]+", "[M+Na]+", "[M+Na]+", "[M+Na]+", "[M+Na]+", "[M+Na]+", "[M+Na]+", "[M+Na]+", "[M+Na]+", "[M+Na]+", "[M+Na]+", "[M+Na]+", "[M+Na]+", "[M+Na]+", "[M+Na]+", "[M+Na]+", "[M+Na]+", "[M+Na]+", "[M+Na]+", "[M+Na]+", "[M+Na]+", "[M+Na]+", "[M+Na]+", "[M+Na]+", "[M+Na]+", "[M+Na]+", "[M+Na]+", "[M+Na]+", "[M+Na]+", "[M+Na]+"]}}