{"cand_form": "C21H20O12", "cand_ion": "[M+Na]+", "output_tbl": {"mz": [324.0256006261424, 185.04109682267384, 179.08567881398457], "ms2_inten": [1.0, 0.7321202087089251, 0.5338539126015656], "mono_mass": [324.024048328, 185.04204411999999, 179.083121084], "abs_mass_diff": [0.0015522981424282989, 0.0009472973261495099, 0.002557729984573598], "mass_diff": [4.790665118523537, 4.7364866307475495, 12.78864992286799], "formula": ["C15H9O7", "C6H10O5", "C12H12"], "ions": ["[M+Na]+", "[M+Na]+", "[M+Na]+"]}}