{"cand_form": "C21H24O10", "cand_ion": "[M+Na]+", "output_tbl": {"mz": [185.04108378829136, 297.07232865039214, 328.068314232101, 294.9722305702037, 390.00019978884575], "ms2_inten": [0.6371812928829597, 0.44609416046390926, 0.4219004621945797, 0.4147288270665544, 0.41109609582188933], "mono_mass": [185.04204411999999, 297.07334424799996, 328.07060459599995, 294.96966702799995, 389.998227504], "abs_mass_diff": [0.0009603317086259722, 0.0010155976078181084, 0.0022903638989646424, 0.002563542203745328, 0.0019722848457490727], "mass_diff": [4.801658543129861, 3.418688009186169, 6.981362721132103, 8.69079166804891, 5.057138039459747], "formula": ["C6H10O5", "C15H14O5", "C19H13O4", "C9H4O10", "C18H7O9"], "ions": ["[M+Na]+", "[M+Na]+", "[M+Na]+", "[M+Na]+", "[M+Na]+"]}}