{"cand_form": "C16H12O6", "cand_ion": "[M+Na]+", "output_tbl": {"mz": [323.0508130341836], "ms2_inten": [1.0], "mono_mass": [323.052608804], "abs_mass_diff": [0.0017957698163968416], "mass_diff": [5.558784389150639], "formula": ["C16H12O6"], "ions": ["[M+Na]+"]}}