{"cand_form": "C18H16O8", "cand_ion": "[M+Na]+", "output_tbl": {"mz": [383.07236139861527], "ms2_inten": [1.0], "mono_mass": [383.073738172], "abs_mass_diff": [0.001376773384720309], "mass_diff": [3.594029544949796], "formula": ["C18H16O8"], "ions": ["[M+Na]+"]}}