{"cand_form": "C21H20O6", "cand_ion": "[M+Na]+", "output_tbl": {"mz": [376.08855194041956], "ms2_inten": [0.41109609582188933], "mono_mass": [376.09173396399996], "abs_mass_diff": [0.003182023580393434], "mass_diff": [8.460836055699813], "formula": ["C20H17O6"], "ions": ["[M+Na]+"]}}