{"cand_form": "C34H22O22", "cand_ion": "[M+H]+", "output_tbl": {"mz": [602.9991631126983, 621.0099699039463, 747.0378904733768, 405.0200756882716, 342.0818589004068, 113.97889279549001], "ms2_inten": [1.0, 0.6655824516917495, 0.4147288270665544, 0.3301514803843836, 0.3209361307176242, 0.24899799195977465], "mono_mass": [603.004160692, 621.0147253760001, 747.046419428, 405.01823506, 342.079277436, 113.97950382399999], "abs_mass_diff": [0.004997579301743826, 0.00475547205383009, 0.008528954623216123, 0.0018406282716227906, 0.0025814644068304915, 0.0006110285099794055], "mass_diff": [8.287871041057809, 7.657642041665827, 11.417030825319403, 4.544535893671235, 7.546335298598969, 3.0551425498970275], "formula": ["C28H10O16", "C28H12O17", "C34H18O20", "C28H4O4", "C11H17O12", "HO7"], "ions": ["[M+H]+", "[M+H]+", "[M+H]+", "[M+H]+", "[M+H]+", "[M+H]+"]}}