{"cand_form": "C20H20O4", "cand_ion": "[M+Na]+", "output_tbl": {"mz": [347.12515511861426, 233.03297749202358], "ms2_inten": [0.7861297602813418, 0.4393176527297759], "mono_mass": [347.12537982, 233.036170892], "abs_mass_diff": [0.00022470138571861753, 0.003193399976424871], "mass_diff": [0.6473209515508492, 13.703639762892259], "formula": ["C20H20O4", "C17H6"], "ions": ["[M+Na]+", "[M+Na]+"]}}