{"cand_form": "C22H20O11", "cand_ion": "[M+H]+", "output_tbl": {"mz": [285.0747319463043, 461.1092291361935, 270.0532495800848, 285.0385559897837, 285.11349953831524, 285.04630739996327, 285.123838899591, 285.02822126629263, 285.13417882277207, 285.0178871057847, 284.06697280942024, 285.144519310169], "ms2_inten": [1.0, 0.20976176963403032, 0.08366600265340755, 0.08366600265340755, 0.07745966692414834, 0.07071067811865475, 0.044721359549995794, 0.044721359549995794, 0.03162277660168379, 0.03162277660168379, 0.03162277660168379, 0.03162277660168379], "mono_mass": [285.07574993599997, 461.107837912, 270.05227484, 285.039364428, 285.112135444, 285.045237656, 285.127391584, 285.024108288, 285.133264812, 285.01823506, 284.067924904, 285.14852095199996], "abs_mass_diff": [0.0010179896956401535, 0.0013912241935258862, 0.0009747400848141297, 0.0008084382163247028, 0.001364094315249531, 0.0010697439632849637, 0.003552684408987261, 0.004112978292653224, 0.0009140107720781998, 0.00034795421527178405, 0.0009520945797589775, 0.0040016418309392066], "mass_diff": [3.570957301932668, 3.0171250229194033, 3.60943660677954, 2.836241621830552, 4.78439048820351, 3.752877814985866, 12.460145116937666, 14.43007388665069, 3.205546160238868, 1.2208153628710343, 3.351655316852815, 14.033732230309422], "formula": ["C16H12O5", "C22H20O11", "C15H9O5", "C15H8O6", "C17H16O4", "C8H12O11", "C21H16O", "C11H8O9", "C14H20O6", "C18H4O4", "C16H11O5", "C18H20O3"], "ions": ["[M+H]+", "[M+H]+", "[M+H]+", "[M+H]+", "[M+H]+", "[M+H]+", "[M+H]+", "[M+H]+", "[M+H]+", "[M+H]+", "[M+H]+", "[M+H]+"]}}