{"cand_form": "C21H18O12", "cand_ion": "[M+H]+", "output_tbl": {"mz": [287.0541931695414, 463.0879132476656, 287.09336525769805, 287.0254720635901, 287.017639783433, 287.0045866978975, 85.02813987526596, 159.02911387558427, 270.05088499407697, 287.11426031860555, 286.04631851171297], "ms2_inten": [1.0, 0.372827037646145, 0.08366600265340755, 0.07745966692414834, 0.07745966692414834, 0.05477225575051661, 0.03162277660168379, 0.03162277660168379, 0.03162277660168379, 0.03162277660168379, 0.03162277660168379], "mono_mass": [287.055014492, 463.08710246799996, 287.09139999999996, 287.02450221199996, 287.018628984, 287.003372844, 85.02840582, 159.028799744, 270.05227484, 287.11252936799997, 286.04718945999997], "abs_mass_diff": [0.0008213224585915668, 0.0008107796656418031, 0.0019652576980888625, 0.000969851590127746, 0.0009892005669485116, 0.0012138538974681978, 0.00026594473403918073, 0.0003141315842754011, 0.0013898459230290428, 0.0017309506055767088, 0.0008709482870017382], "mass_diff": [2.8612104548024253, 1.7508115466796632, 6.845360903150187, 3.37897393968183, 3.4464800410696195, 4.229388496658093, 1.3297236701959037, 1.5706579213770056, 5.146607547905375, 6.0287866010413556, 3.0447806199123475], "formula": ["C15H10O6", "C21H18O12", "C16H14O5", "C7H10O12", "C14H6O7", "C10H6O10", "C4H4O2", "C6H6O5", "C15H9O5", "C13H18O7", "C15H9O6"], "ions": ["[M+H]+", "[M+H]+", "[M+H]+", "[M+H]+", "[M+H]+", "[M+H]+", "[M+H]+", "[M+H]+", "[M+H]+", "[M+H]+", "[M+H]+"]}}