{"cand_form": "C30H26O12", "cand_ion": "[M+Na]+", "output_tbl": {"mz": [279.02732839700417, 431.07231768045557, 297.03657226481306, 449.08512393190915, 311.05053359876973, 203.0317956173678, 161.02018059402135, 257.0448815046358, 173.02030069362962, 398.0326402879344, 323.0538229383641, 279.03984106737187, 269.0410531735092], "ms2_inten": [1.0, 0.5594640292279746, 0.5272570530585627, 0.5138093031466052, 0.4449719092257398, 0.38858718455450897, 0.3492849839314596, 0.3346640106136302, 0.3331666249791536, 0.322490309931942, 0.31304951684997057, 0.30983866769659335, 0.30495901363953815], "mono_mass": [279.02639405599996, 431.073738172, 297.03695874, 449.08430285599997, 311.052608804, 203.031479436, 161.020914752, 257.04204411999996, 173.020914752, 398.033825164, 323.052608804, 279.041650196, 269.04204411999996], "abs_mass_diff": [0.000934341004210637, 0.0014204915444224753, 0.000386475186928692, 0.0008210759091866748, 0.0020752052302555057, 0.0003161813677934333, 0.000734157978655503, 0.0028373846358249466, 0.000614058370388193, 0.0011848760656221202, 0.0012141343640905689, 0.0018091286281105567, 0.0009909464907309484], "mass_diff": [3.34856449215341, 3.2952511357397216, 1.3011030392046907, 1.82833023280274, 6.671601576264628, 1.5572997659406331, 3.670789893277515, 11.038479425134067, 3.070291851940965, 2.976831409517039, 3.7583036567941046, 6.48340617307676, 3.6832538344691574], "formula": ["C14H8O5", "C22H16O8", "C14H10O6", "C22H18O9", "C15H12O6", "C9H8O4", "C7H6O3", "C12H10O5", "C8H6O3", "C28H7O2", "C16H12O6", "C18H8O2", "C13H10O5"], "ions": ["[M+Na]+", "[M+Na]+", "[M+Na]+", "[M+Na]+", "[M+Na]+", "[M+Na]+", "[M+Na]+", "[M+Na]+", "[M+Na]+", "[M+Na]+", "[M+Na]+", "[M+Na]+", "[M+Na]+"]}}