{"cand_form": "C22H24O6", "cand_ion": "[M+Na]+", "output_tbl": {"mz": [120.05563569751695], "ms2_inten": [0.469041575982343], "mono_mass": [120.054560608], "abs_mass_diff": [0.0010750895169451269], "mass_diff": [5.375447584725634], "formula": ["C6H9O"], "ions": ["[M+Na]+"]}}