{"cand_form": "C21H20O10", "cand_ion": "[M+Na]+", "output_tbl": {"mz": [206.96654843728254], "ms2_inten": [0.5338539126015656], "mono_mass": [206.96887918000002], "abs_mass_diff": [0.0023307427174756867], "mass_diff": [11.261446523963153], "formula": ["C10O4"], "ions": ["[M+Na]+"]}}