{"cand_form": "C21H24O10", "cand_ion": "[M+H]+", "output_tbl": {"mz": [275.090553128947, 107.04851876480384, 317.10185879337064, 341.10030942152105, 353.10072447961625, 169.04910228606758, 299.09213293182717, 383.1126154749411, 287.09071412582796, 365.1006294726709, 149.05896181454395, 235.05916474710443, 211.05959581235865, 151.0384967334319, 215.07022220755752, 127.03854385333058, 191.0700407436661, 173.05940955334137, 401.1245725581752, 193.04927529118098, 419.13515128974984, 257.08028864447704, 85.02812820286083, 277.07075478759947, 259.0590764381149, 295.0810404411358, 315.0862698792634, 131.048750571043, 217.0481357572892, 311.0888287977072, 124.03915045076194, 97.02820988305348], "ms2_inten": [1.0, 0.5813776741499453, 0.5157518783291051, 0.5029910535983717, 0.4147288270665544, 0.3286335345030997, 0.324037034920393, 0.3082207001484488, 0.29832867780352595, 0.27748873851023215, 0.27386127875258304, 0.24899799195977465, 0.216794833886788, 0.20976176963403032, 0.20976176963403032, 0.18973665961010275, 0.18973665961010275, 0.18439088914585774, 0.1816590212458495, 0.17320508075688773, 0.17029386365926402, 0.14832396974191325, 0.130384048104053, 0.1224744871391589, 0.11401754250991379, 0.10954451150103323, 0.10954451150103323, 0.10954451150103323, 0.09486832980505137, 0.09486832980505137, 0.09486832980505137, 0.09486832980505137], "mono_mass": [275.09139999999996, 107.049141264, 317.101964684, 341.101964684, 353.101964684, 169.04953518800002, 299.09139999999996, 383.11252936799997, 287.09139999999996, 365.101964684, 149.05970594800002, 235.060099872, 211.060099872, 151.03897050400002, 215.07027063200002, 127.038970504, 191.07027063200002, 173.05970594800002, 401.123094052, 193.04953518800002, 419.133658736, 257.080835316, 85.02840582, 277.070664556, 259.06009987199997, 295.08122923999997, 315.08631462, 131.049141264, 217.04953518800002, 311.09139999999996, 124.036624776, 97.02840582], "abs_mass_diff": [0.0008468710529427881, 0.0006224991961545356, 0.00010589062935650873, 0.0016552624789483161, 0.001240204383748278, 0.00043290193244160946, 0.0007329318272013552, 8.610694112576311e-05, 0.0006858741720066064, 0.0013352113290920897, 0.0007441334560667201, 0.0009351248955624669, 0.0005040596413437015, 0.0004737705681066018, 4.842444249675282e-05, 0.0004266506694250438, 0.0002298883339051372, 0.00029639465864761405, 0.00147850617520362, 0.0002598968190454798, 0.001492553749869785, 0.0005466715229545116, 0.0002776171391758453, 9.023159947219028e-05, 0.0010234338850523272, 0.00018879886414424618, 4.4740736598214426e-05, 0.0003906929570121065, 0.0013994307108191606, 0.002571202292756425, 0.002525674761940877, 0.00019593694652542126], "mass_diff": [3.0785173947642703, 3.112495980772678, 0.33393254066514, 4.85271468019337, 3.512324664799356, 2.1645096622080473, 2.450521917834643, 0.2247562143549284, 2.3890503532830984, 3.657104976840461, 3.7206672803336005, 3.978253290266515, 2.388233709079178, 2.368852840533009, 0.22515642565347754, 2.133253347125219, 1.149441669525686, 1.4819732932380703, 3.6859027752262468, 1.299484095227399, 3.5610321522233206, 2.126462226400087, 1.3880856958792265, 0.3256626616596949, 3.950581076424123, 0.6398203824345965, 0.14199519584067705, 1.9534647850605324, 6.447559228907881, 8.26517076390554, 12.628373809704385, 0.9796847326271063], "formula": ["C15H14O5", "C7H6O", "C17H16O6", "C19H16O6", "C20H16O6", "C8H8O4", "C17H14O5", "C21H18O7", "C16H14O5", "C21H16O6", "C9H8O2", "C12H10O5", "C10H10O5", "C8H6O3", "C13H10O3", "C6H6O3", "C11H10O3", "C11H8O2", "C21H20O8", "C10H8O4", "C21H22O9", "C15H12O4", "C4H4O2", "C14H12O6", "C14H10O5", "C14H14O7", "C17H14O6", "C9H6O", "C12H8O4", "C18H14O5", "C3H7O5", "C5H4O2"], "ions": ["[M+H]+", "[M+H]+", "[M+H]+", "[M+H]+", "[M+H]+", "[M+H]+", "[M+H]+", "[M+H]+", "[M+H]+", "[M+H]+", "[M+H]+", "[M+H]+", "[M+H]+", "[M+H]+", "[M+H]+", "[M+H]+", "[M+H]+", "[M+H]+", "[M+H]+", "[M+H]+", "[M+H]+", "[M+H]+", "[M+H]+", "[M+H]+", "[M+H]+", "[M+H]+", "[M+H]+", "[M+H]+", "[M+H]+", "[M+H]+", "[M+H]+", "[M+H]+"]}}