{"cand_form": "C22H28O6", "cand_ion": "[M+Na]+", "output_tbl": {"mz": [197.129947359585], "ms2_inten": [0.5531726674375732], "mono_mass": [197.130071276], "abs_mass_diff": [0.00012391641499220896], "mass_diff": [0.6195820749610448], "formula": ["C13H18"], "ions": ["[M+Na]+"]}}