{"cand_form": "C27H22O18", "cand_ion": "[M+Na]+", "output_tbl": {"mz": [487.04835628281495, 657.0643483267645, 361.01733015742974, 403.02746243131367, 343.004290275098, 299.0159518399838, 167.03101564742525], "ms2_inten": [1.0, 0.8093207028119322, 0.5440588203494178, 0.25495097567963926, 0.24289915602982237, 0.16431676725154984, 0.161245154965971], "mono_mass": [487.048311272, 657.0698345640001, 361.01661722, 403.027181904, 343.00605253599997, 299.01622329599996, 167.031479436], "abs_mass_diff": [4.50108149721018e-05, 0.005486237235572844, 0.0007129374297392133, 0.0002805273136914366, 0.0017622609019554147, 0.00027145601615075066, 0.0004637885747627024], "mass_diff": [0.09241549507656138, 8.349619408728724, 1.974801124999514, 0.696050120255132, 5.13772262306701, 0.9078312193057123, 2.318942873813512], "formula": ["C20H16O13", "C27H22O18", "C14H10O10", "C16H12O11", "C14H8O9", "C13H8O7", "C6H8O4"], "ions": ["[M+Na]+", "[M+Na]+", "[M+Na]+", "[M+Na]+", "[M+Na]+", "[M+Na]+", "[M+Na]+"]}}