{"cand_form": "C28H34O10", "cand_ion": "[M+Na]+", "output_tbl": {"mz": [507.1992089831884, 391.1132301044514, 449.1546970268037, 477.15429027064926, 333.07167440509176, 459.14646569279165, 339.12204275667875, 376.1260656793249, 423.13769172996246, 405.1294782950036, 409.12536637640574, 375.12154610103073, 403.11433930289706, 373.101324813856, 310.0824944937332, 347.08891571416996, 508.2003470476405, 407.10683782039166, 361.1020345573978, 389.0985920465634, 377.09923786456613, 422.13473027979035, 308.1014479265331, 325.10726220839723], "ms2_inten": [1.0, 0.9011104260855048, 0.7930952023559341, 0.28982753492378877, 0.24899799195977465, 0.22803508501982758, 0.216794833886788, 0.21447610589527216, 0.21447610589527216, 0.20976176963403032, 0.19748417658131498, 0.19235384061671346, 0.17888543819998318, 0.17606816861659008, 0.15811388300841897, 0.15165750888103102, 0.14491376746189438, 0.14491376746189438, 0.1414213562373095, 0.13784048752090222, 0.1341640786499874, 0.1341640786499874, 0.12649110640673517, 0.1224744871391589], "mono_mass": [507.198938684, 391.11520906, 449.15707387199996, 477.15198849199993, 333.07334424799996, 459.14142380799996, 339.12029443999995, 376.128119472, 423.14142380799996, 405.130859124, 409.12577374399996, 375.12029443999995, 403.11520906, 373.09877114799997, 310.08116928, 347.08899431199995, 508.20676371599995, 407.104250452, 361.10464437599995, 389.099558996, 377.099558996, 422.133598776, 308.101904724, 325.10464437599995], "abs_mass_diff": [0.0002702991884007133, 0.001978955548565864, 0.002376845196238264, 0.00230177864932557, 0.0016698429081998256, 0.005041884791694429, 0.0017483166787997106, 0.0020537926750989755, 0.0037320780375011964, 0.0013808289963890275, 0.00040736759422088653, 0.0012516610307784504, 0.0008697571029188111, 0.0025536658560554315, 0.0013252137331960512, 7.859782999730669e-05, 0.006416668359463529, 0.0025873683916870505, 0.0026098186021386027, 0.0009669494365880382, 0.0003211314338500415, 0.0011315037903614211, 0.00045679746688165324, 0.0026178323972771977], "mass_diff": [0.5329250984886151, 5.059802114178956, 5.291818636144472, 4.823971399313974, 5.013464177589934, 10.980994450402417, 5.155420345395047, 5.460383798154486, 8.820008499462462, 3.4083646596151853, 0.9957035855021955, 3.336681253817777, 2.1575940573656505, 6.84442988062152, 4.273745718408602, 0.2264486891941906, 12.626257334810532, 6.355502171222561, 7.227371635658196, 2.4851013505397717, 0.8515833542081428, 2.680432831507282, 1.4826203185860287, 8.05221138246718], "formula": ["C27H32O8", "C21H20O6", "C24H26O7", "C25H26O8", "C18H14O5", "C25H24O7", "C18H20O5", "C21H21O5", "C22H24O7", "C22H22O6", "C21H22O7", "C21H20O5", "C22H20O6", "C28H14", "C16H15O5", "C19H16O5", "C27H33O8", "C28H16O2", "C20H18O5", "C21H18O6", "C20H18O6", "C22H23O7", "C17H17O4", "C17H18O5"], "ions": ["[M+Na]+", "[M+Na]+", "[M+Na]+", "[M+Na]+", "[M+Na]+", "[M+Na]+", "[M+Na]+", "[M+Na]+", "[M+Na]+", "[M+Na]+", "[M+Na]+", "[M+Na]+", "[M+Na]+", "[M+Na]+", "[M+Na]+", "[M+Na]+", "[M+Na]+", "[M+Na]+", "[M+Na]+", "[M+Na]+", "[M+Na]+", "[M+Na]+", "[M+Na]+", "[M+Na]+"]}}