{"cand_form": "C20H20O8", "cand_ion": "[M+Na]+", "output_tbl": {"mz": [411.10257970536423, 396.0828862060456, 381.0595674703317, 352.05572878308186], "ms2_inten": [1.0, 0.2588435821108957, 0.06324555320336758, 0.03162277660168379], "mono_mass": [411.1050383, 396.08156320399996, 381.05808810799994, 352.055348456], "abs_mass_diff": [0.0024585946357547073, 0.0013230020456376224, 0.001479362331735956, 0.00038032708187074604], "mass_diff": [5.980489437737836, 3.3402151209062483, 3.882233797609964, 1.0803036302956555], "formula": ["C20H20O8", "C19H17O8", "C18H14O8", "C17H13O7"], "ions": ["[M+Na]+", "[M+Na]+", "[M+Na]+", "[M+Na]+"]}}