{"cand_form": "C23H28O7", "cand_ion": "[M+Na]+", "output_tbl": {"mz": [330.1086920914812, 439.16924692867786, 326.1136454701105, 299.0909704699774, 353.1384680574529, 337.14254759042865, 92.06165317474289], "ms2_inten": [0.5873670062235365, 0.5648008498577175, 0.5224940191045253, 0.4483302354291979, 0.43703546766824314, 0.4289522117905443, 0.41109609582188933], "mono_mass": [330.10738402799996, 439.17272393599995, 326.112469408, 299.08899431199995, 353.13594450399995, 337.141029884, 92.059645988], "abs_mass_diff": [0.0013080634812467906, 0.0034770073220897757, 0.0011760621105167957, 0.001976157977424009, 0.0025235534529315373, 0.0015177064286717723, 0.0020071867428868018], "mass_diff": [3.962523594756766, 7.917237708255219, 3.6062953110147795, 6.607213766162074, 7.1460735127869865, 4.501675743743651, 10.035933714434009], "formula": ["C16H19O6", "C23H28O7", "C17H19O5", "C15H16O5", "C19H22O5", "C19H22O4", "C5H9"], "ions": ["[M+Na]+", "[M+Na]+", "[M+Na]+", "[M+Na]+", "[M+Na]+", "[M+Na]+", "[M+Na]+"]}}