{"cand_form": "C15H12O5", "cand_ion": "[M+H]+", "output_tbl": {"mz": [153.01809646127688, 147.04338155725355, 119.04895953286704, 91.05399827330405, 123.04386126057602, 171.0288224599026, 95.04900061300978, 67.01758345559458, 107.04912090608418, 69.03315911634296, 68.99683512453589, 97.02821666403264, 255.0650450959161, 189.05411602074477, 153.03232525477813, 111.00725407256726, 83.01250162419683, 179.03420872523006, 151.03850728911917, 125.02329182028392, 121.06458853173746, 181.06417073045617, 85.02813414484072, 81.03323924162194, 65.03857186703878, 273.07582441834666, 155.03375119090884, 157.06414867517915, 127.0385527316494, 161.0596928480564, 153.06993947683694, 121.02812208083027, 171.04323392534633], "ms2_inten": [1.0, 0.5069516742254631, 0.47116875957558985, 0.2588435821108957, 0.17320508075688773, 0.15491933384829668, 0.1414213562373095, 0.130384048104053, 0.1224744871391589, 0.10954451150103323, 0.1, 0.1, 0.07745966692414834, 0.07745966692414834, 0.07071067811865475, 0.07071067811865475, 0.06324555320336758, 0.06324555320336758, 0.05477225575051661, 0.05477225575051661, 0.05477225575051661, 0.05477225575051661, 0.044721359549995794, 0.044721359549995794, 0.044721359549995794, 0.044721359549995794, 0.044721359549995794, 0.044721359549995794, 0.044721359549995794, 0.044721359549995794, 0.044721359549995794, 0.044721359549995794, 0.03162277660168379], "mono_mass": [153.01823506000002, 147.04405588400002, 119.049141264, 91.054226644, 123.044055884, 171.028799744, 95.049141264, 67.017841136, 107.049141264, 69.0334912, 68.997105692, 97.02840582, 255.06518525200002, 189.05462056800002, 153.03349120000001, 111.00767037600001, 83.012755756, 179.03388512400002, 151.03897050400002, 125.02332044, 121.064791328, 181.064791328, 85.02840582, 81.0334912, 65.03857658, 273.07574993599997, 155.03388512400002, 157.064791328, 127.038970504, 161.05970594800002, 153.069876708, 121.02840582, 171.04405588400002], "abs_mass_diff": [0.00013859872314014865, 0.0006743267464628389, 0.00018173113295461008, 0.00022837069595027515, 0.00019462342397957855, 2.2715902616710082e-05, 0.00014065099021820515, 0.0002576804054257309, 2.0357915815338856e-05, 0.0003320836570424035, 0.0002705674641134692, 0.0001891559673623533, 0.00014015608391559908, 0.0005045472552467345, 0.0011659452218850674, 0.0004163034327433479, 0.0002541318031745732, 0.0003236012300362745, 0.00046321488085254714, 2.861971609036118e-05, 0.00020279626254193772, 0.0006205975438433597, 0.0002716751592828359, 0.00025195837805824794, 4.712961214181632e-06, 7.448234669027443e-05, 0.000133933091177596, 0.0006426528208578475, 0.0004177723506018083, 1.3099943629413247e-05, 6.276883692635238e-05, 0.00028373916973123414, 0.0008219586536881707], "mass_diff": [0.6929936157007432, 3.3716337323141943, 0.9086556647730504, 1.1418534797513757, 0.9731171198978928, 0.11357951308355041, 0.7032549510910258, 1.2884020271286545, 0.10178957907669428, 1.6604182852120175, 1.352837320567346, 0.9457798368117665, 0.5494915379835524, 2.5227362762336725, 5.829726109425337, 2.0815171637167396, 1.270659015872866, 1.6180061501813725, 2.3160744042627357, 0.1430985804518059, 1.0139813127096886, 3.1029877192167987, 1.3583757964141796, 1.2597918902912397, 0.023564806070908162, 0.27275335284228225, 0.66966545588798, 3.2132641042892374, 2.0888617530090414, 0.06549971814706623, 0.3138441846317619, 1.4186958486561707, 4.109793268440853], "formula": ["C7H4O4", "C9H6O2", "C8H6O", "C7H6", "C7H6O2", "C7H6O5", "C6H6O", "C4H2O", "C7H6O", "C4H4O", "C3O2", "C5H4O2", "C15H10O4", "C11H8O3", "C11H4O", "C5H2O3", "C4H2O2", "C9H6O4", "C8H6O3", "C6H4O3", "C8H8O", "C13H8O", "C4H4O2", "C5H4O", "C5H4", "C15H12O5", "C7H6O4", "C11H8O", "C6H6O3", "C10H8O2", "C12H8", "C7H4O2", "C11H6O2"], "ions": ["[M+H]+", "[M+H]+", "[M+H]+", "[M+H]+", "[M+H]+", "[M+H]+", "[M+H]+", "[M+H]+", "[M+H]+", "[M+H]+", "[M+H]+", "[M+H]+", "[M+H]+", "[M+H]+", "[M+H]+", "[M+H]+", "[M+H]+", "[M+H]+", "[M+H]+", "[M+H]+", "[M+H]+", "[M+H]+", "[M+H]+", "[M+H]+", "[M+H]+", "[M+H]+", "[M+H]+", "[M+H]+", "[M+H]+", "[M+H]+", "[M+H]+", "[M+H]+", "[M+H]+"]}}