{"cand_form": "C48H28O30", "cand_ion": "[M+Na]+", "output_tbl": {"mz": [1063.9552288796147, 847.0020305535755, 317.1400122733905, 651.9044912491975], "ms2_inten": [0.30166206257996714, 0.27748873851023215, 0.2683281572999748, 0.2683281572999748], "mono_mass": [1063.943470096, 847.002542852, 317.13594450399995, 651.90629674], "abs_mass_diff": [0.011758783614595814, 0.0005122984244962936, 0.004067769390530884, 0.0018054908025533223], "mass_diff": [11.051953405011469, 0.6048373038273243, 12.82641493695934, 2.769563374373431], "formula": ["C47H13O29", "C38H16O22", "C16H22O5", "C20H5O24"], "ions": ["[M+Na]+", "[M+Na]+", "[M+Na]+", "[M+Na]+"]}}