{"cand_form": "C21H20O11", "cand_ion": "[M+H]+", "output_tbl": {"mz": [303.0495850213123, 85.02813365250522, 129.05411805713072, 71.04869090000021, 303.0892435304301, 303.0071024023655, 345.0614060206392, 147.06444433130653, 413.08781224348434, 369.05785524137633, 75.04401663184974, 111.04368330952913, 85.03108044409599, 87.04390934125745, 449.10559433208687, 431.0963751618415, 286.04629757711876, 302.043735621853, 315.0502584816645, 395.0733025962658], "ms2_inten": [1.0, 0.24899799195977465, 0.24899799195977465, 0.18708286933869708, 0.07745966692414834, 0.07745966692414834, 0.06324555320336758, 0.06324555320336758, 0.05477225575051661, 0.044721359549995794, 0.03162277660168379, 0.03162277660168379, 0.03162277660168379, 0.03162277660168379, 0.03162277660168379, 0.03162277660168379, 0.03162277660168379, 0.03162277660168379, 0.03162277660168379, 0.03162277660168379], "mono_mass": [303.049929112, 85.02840582, 129.05462056800002, 71.049141264, 303.08631462, 303.00767037599996, 345.060493796, 147.06518525200002, 413.086708544, 369.060493796, 75.044055884, 111.044055884, 85.02840582, 87.044055884, 449.107837912, 431.097273228, 286.04718945999997, 302.04210408, 315.049929112, 395.07614385999995], "abs_mass_diff": [0.0003440906876903682, 0.0002721674947849806, 0.0005025108692962021, 0.00045036399978926056, 0.002928910430114229, 0.0005679736344745834, 0.000912224639193937, 0.0007409206934880785, 0.0011036994843607317, 0.002638554623672462, 3.925215025901707e-05, 0.00037257447087313267, 0.002674624095988065, 0.00014654274255576638, 0.0022435799131130807, 0.0008980661585269445, 0.0008918828812056745, 0.001631541852987084, 0.00032936966454144567, 0.002841263734126187], "mass_diff": [1.1354270215092679, 1.360837473924903, 2.5125543464810107, 2.251819998946303, 9.66352482852189, 1.874456506040465, 2.64365884818592, 3.7046034674403927, 2.671827760704263, 7.149433581211158, 0.19626075129508536, 1.8628723543656633, 13.373120479940326, 0.7327137127788319, 4.995662359650072, 2.083214358250621, 3.1179668772507734, 5.401674196712064, 1.0454511801665909, 7.191738129239621], "formula": ["C15H10O7", "C4H4O2", "C6H8O3", "C4H6O", "C16H14O6", "C21H2O3", "C17H12O8", "C6H10O4", "C21H16O9", "C19H12O8", "C3H6O2", "C6H6O2", "C4H4O2", "C4H6O2", "C21H20O11", "C21H18O10", "C15H9O6", "C15H9O7", "C16H10O7", "C21H14O8"], "ions": ["[M+H]+", "[M+H]+", "[M+H]+", "[M+H]+", "[M+H]+", "[M+H]+", "[M+H]+", "[M+H]+", "[M+H]+", "[M+H]+", "[M+H]+", "[M+H]+", "[M+H]+", "[M+H]+", "[M+H]+", "[M+H]+", "[M+H]+", "[M+H]+", "[M+H]+", "[M+H]+"]}}