{"cand_form": "C33H40O15", "cand_ion": "[M+Na]+", "output_tbl": {"mz": [322.0461207755344, 390.11185272262657, 391.1190743805355, 375.08806554870887, 335.0531439180482, 485.1057209827152, 169.0479246796472, 431.1348020177041, 322.02440134993475, 630.9516337838777, 297.03657824210796], "ms2_inten": [1.0, 0.7197221686178633, 0.5244044240850758, 0.51478150704935, 0.3535533905932738, 0.2863564212655271, 0.2810693864511039, 0.22803508501982758, 0.22360679774997896, 0.21908902300206645, 0.2], "mono_mass": [322.04478377199996, 390.11325725599994, 391.12108228799997, 375.08978215999997, 335.052608804, 485.10543222399997, 169.0471295, 431.13712627599995, 322.02365440399996, 630.954410888, 297.03695874], "abs_mass_diff": [0.0013370035344451026, 0.0014045333733747611, 0.0020079074644741013, 0.0017166112911013442, 0.0005351140482048322, 0.0002887587152144988, 0.0007951796471843409, 0.002324258295857362, 0.0007469459347930751, 0.00277710412228771, 0.00038049789202432294], "mass_diff": [4.151590248084347, 3.600335041276991, 5.133749786185389, 4.576555344649924, 1.5971020058111067, 0.5952490410328258, 3.975898235921704, 5.391024535666965, 2.3195320965177118, 4.401453255035017, 1.2809799192952847], "formula": ["C16H11O6", "C14H23O11", "C14H24O11", "C13H20O11", "C17H12O6", "C22H22O11", "C6H10O4", "C13H28O14", "C19H7O4", "C33H4O13", "C14H10O6"], "ions": ["[M+Na]+", "[M+Na]+", "[M+Na]+", "[M+Na]+", "[M+Na]+", "[M+Na]+", "[M+Na]+", "[M+Na]+", "[M+Na]+", "[M+Na]+", "[M+Na]+"]}}