{"cand_form": "C19H15N3O", "cand_ion": "[M+H]+", "output_tbl": {"mz": [286.0972595214844, 287.1043395996094, 302.12860107421875, 272.08172607421875, 185.0706329345703, 258.1023864746094, 286.1116027832031, 156.08047485351562, 286.13433837890625, 142.0648651123047, 134.05967712402344, 259.08648681640625, 129.06959533691406, 130.06484985351562, 285.1025390625, 169.0757293701172, 167.0601043701172, 259.1094665527344, 284.1185607910156, 132.0441436767578, 159.05496215820312, 257.1073303222656, 271.0863952636719, 183.09136962890625, 261.1022644042969, 273.1022033691406, 300.11297607421875, 115.05389404296875, 274.1335144042969, 275.1177673339844, 285.0894470214844, 285.1258239746094, 120.0440902709961, 128.0618133544922, 147.05538940429688, 154.065185546875, 156.06825256347656, 143.0727081298828, 146.059814453125, 145.0394287109375, 144.08042907714844, 140.0496826171875], "ms2_inten": [1.0, 0.66783231428256, 0.644980619863884, 0.17320508075688773, 0.14832396974191325, 0.1224744871391589, 0.11832159566199232, 0.10488088481701516, 0.08366600265340755, 0.07745966692414834, 0.07745966692414834, 0.07745966692414834, 0.07071067811865475, 0.07071067811865475, 0.07071067811865475, 0.06324555320336758, 0.06324555320336758, 0.05477225575051661, 0.05477225575051661, 0.044721359549995794, 0.044721359549995794, 0.044721359549995794, 0.044721359549995794, 0.044721359549995794, 0.044721359549995794, 0.044721359549995794, 0.044721359549995794, 0.044721359549995794, 0.044721359549995794, 0.044721359549995794, 0.044721359549995794, 0.044721359549995794, 0.044721359549995794, 0.03162277660168379, 0.03162277660168379, 0.03162277660168379, 0.03162277660168379, 0.03162277660168379, 0.03162277660168379, 0.03162277660168379, 0.03162277660168379, 0.03162277660168379], "mono_mass": [286.097488424, 287.105313456, 302.128788552, 272.08183835999995, 185.070939328, 258.102573804, 286.110064488, 156.08077574, 286.133873932, 142.065125676, 134.060040296, 259.086589392, 129.069876708, 130.065125676, 285.10223945599995, 169.076024708, 167.060374644, 259.110398836, 284.118223868, 132.044390232, 159.055289264, 257.107324836, 271.086589392, 183.091674772, 261.10223945599995, 273.10223945599995, 300.113138488, 115.054226644, 274.133873932, 275.11788952, 285.089663392, 285.1260489, 120.044390232, 128.062051676, 147.055289264, 154.065125676, 156.068199676, 143.072950708, 146.060040296, 145.0396392, 144.08077574, 140.049475612], "abs_mass_diff": [0.00022890251563012498, 0.0009738563906012132, 0.00018747778125316472, 0.00011228578119926169, 0.0003063934296960724, 0.00018732939059873388, 0.0015382952031472996, 0.0003008864843820902, 0.0004644469062782264, 0.00026056369532057033, 0.0003631719765735397, 0.00010257559375759229, 0.0002813710859470575, 0.00027582248438307033, 0.00029960650005023126, 0.000295337882818103, 0.00027027388281908316, 0.0009322832656266655, 0.00033692301565224625, 0.00024655524219951985, 0.00032710579688455255, 5.486265649778943e-06, 0.0001941283281325923, 0.0003051430937546229, 2.494829692523126e-05, 3.608685932476874e-05, 0.00016241378125414485, 0.0003326010312463268, 0.0003595277030967736, 0.00012218601563063203, 0.00021637051560219334, 0.0002249253906256854, 0.000299961003904059, 0.00023832150782254757, 0.00010014029686544745, 5.987087499192967e-05, 5.288747655640691e-05, 0.00024257811719508027, 0.00022584287501103972, 0.00021048906251053268, 0.0003466628515695902, 0.00020700518749094954], "mass_diff": [0.800086362284556, 3.391994673293117, 0.6205231169329456, 0.41269137335828376, 1.531967148480362, 0.725794879921276, 5.376556519145853, 1.504432421910451, 1.623177801411567, 1.3028184766028517, 1.8158598828676986, 0.39591255807285447, 1.4068554297352875, 1.3791124219153517, 1.050872787858798, 1.4766894140905151, 1.3513694140954158, 3.5980285785387376, 1.185853591240986, 1.2327762109975993, 1.6355289844227627, 0.02133842564077151, 0.7161123963590043, 1.5257154687731145, 0.09554990640219319, 0.13213682965417772, 0.5411754712464665, 1.663005156231634, 1.3115058327619726, 0.44412259089868966, 0.7589565936682588, 0.7888636234005768, 1.499805019520295, 1.1916075391127379, 0.5007014843272373, 0.29935437495964834, 0.26443738278203455, 1.2128905859754013, 1.1292143750551986, 1.0524453125526634, 1.733314257847951, 1.0350259374547477], "formula": ["C18H11N3O", "C18H12N3O", "C19H15N3O", "C17H9N3O", "C11H8N2O", "C17H11N3", "C19H13N2O", "C11H9N", "C19H15N3", "C10H7N", "C8H7NO", "C17H10N2O", "C10H8", "C9H7N", "C19H12N2O", "C11H8N2", "C11H6N2", "C17H12N3", "C19H13N3", "C8H5NO", "C9H6N2O", "C18H12N2", "C18H10N2O", "C12H10N2", "C17H12N2O", "C18H12N2O", "C19H13N3O", "C9H6", "C18H15N3", "C18H14N2O", "C18H10N3O", "C19H14N3", "C7H5NO", "C10H7", "C8H6N2O", "C11H7N", "C10H7N2", "C10H8N", "C9H7NO", "C8H4N2O", "C10H9N", "C10H5N"], "ions": ["[M+H]+", "[M+H]+", "[M+H]+", "[M+H]+", "[M+H]+", "[M+H]+", "[M+H]+", "[M+H]+", "[M+H]+", "[M+H]+", "[M+H]+", "[M+H]+", "[M+H]+", "[M+H]+", "[M+H]+", "[M+H]+", "[M+H]+", "[M+H]+", "[M+H]+", "[M+H]+", "[M+H]+", "[M+H]+", "[M+H]+", "[M+H]+", "[M+H]+", "[M+H]+", "[M+H]+", "[M+H]+", "[M+H]+", "[M+H]+", "[M+H]+", "[M+H]+", "[M+H]+", "[M+H]+", "[M+H]+", "[M+H]+", "[M+H]+", "[M+H]+", "[M+H]+", "[M+H]+", "[M+H]+", "[M+H]+"]}}