{"cand_form": "C28H38N2O4", "cand_ion": "[M+Na]+", "output_tbl": {"mz": [489.2705993652344, 200.06787109375, 186.05160522460938, 272.16473388671875, 274.1796569824219], "ms2_inten": [0.5108815909777921, 0.47644516998286385, 0.4159326868617084, 0.31464265445104544, 0.3082207001484488], "mono_mass": [489.27237839599997, 200.068199292, 186.052549228, 272.16209967599997, 274.17774973999997], "abs_mass_diff": [0.0017790307655900506, 0.0003281982500027425, 0.0009440033906287226, 0.00263421071878156, 0.0019072424219075401], "mass_diff": [3.6360876126587494, 1.6404345595747942, 4.720016953143613, 9.678736407774196, 6.956177722659477], "formula": ["C28H38N2O4", "C10H11NO2", "C9H9NO2", "C15H23NO2", "C15H25NO2"], "ions": ["[M+Na]+", "[M+Na]+", "[M+Na]+", "[M+Na]+", "[M+Na]+"]}}