{"cand_form": "C18H19NO4", "cand_ion": "[M+H]+", "output_tbl": {"mz": [265.08563232421875, 297.1119079589844, 314.1384582519531, 266.08978271484375, 282.08843994140625, 237.0908203125, 265.1189880371094, 233.05947875976562, 265.05206298828125, 265.11236572265625, 205.0645751953125, 250.06222534179688], "ms2_inten": [1.0, 0.9570788891204319, 0.25298221281347033, 0.232379000772445, 0.15491933384829668, 0.15165750888103102, 0.08366600265340755, 0.08366600265340755, 0.07745966692414834, 0.07071067811865475, 0.05477225575051661, 0.044721359549995794], "mono_mass": [265.08592069599996, 297.112135444, 314.13868454, 266.093745728, 282.08866034799996, 237.091006076, 265.122306204, 233.05970594800002, 265.049535188, 265.10973013999995, 205.064791328, 250.06244560000002], "abs_mass_diff": [0.000288371781209662, 0.00022748501561409284, 0.0002262880468606454, 0.003963013156237594, 0.00022040659371214133, 0.00018576350001353603, 0.003318166890608154, 0.0002271882343904963, 0.0025278002812569866, 0.0026355826562962648, 0.0002161326875125269, 0.00022025820314297562], "mass_diff": [1.0878438740012986, 0.7656543191984638, 0.7203449336316289, 14.893518705618899, 0.7813386247161453, 0.7835119882275009, 12.51576477103821, 0.9748079571767974, 9.536995308611306, 9.941379569798885, 1.053973789996018, 0.8808135768683827], "formula": ["C17H12O3", "C18H16O4", "C18H19NO4", "C17H13O3", "C17H13O4", "C16H12O2", "C18H16O2", "C16H8O2", "C16H8O4", "C17H14NO2", "C15H8O", "C16H9O3"], "ions": ["[M+H]+", "[M+H]+", "[M+H]+", "[M+H]+", "[M+H]+", "[M+H]+", "[M+H]+", "[M+H]+", "[M+H]+", "[M+H]+", "[M+H]+", "[M+H]+"]}}