{"cand_form": "C37H42N2O6", "cand_ion": "[M+Na]+", "output_tbl": {"mz": [305.1018371582031, 199.06002807617188, 497.20379638671875, 214.08352661132812, 200.0675811767578, 306.10833740234375, 465.1775207519531, 183.065185546875, 498.2066345214844, 288.09930419921875, 192.1016082763672, 304.0938720703125, 266.1170959472656, 426.1669616699219, 199.06805419921875, 287.09130859375, 447.1669616699219, 211.06005859375, 265.1095275878906, 184.07325744628906, 215.0876007080078, 466.1825256347656, 320.1252136230469, 383.12518310546875, 298.14373779296875, 292.0907897949219, 289.1031799316406, 197.0445098876953, 307.1124572753906, 394.1432800292969, 410.1727294921875, 440.0620422363281], "ms2_inten": [1.0, 0.938083151964686, 0.6899275324264136, 0.6033241251599343, 0.35777087639996635, 0.34058772731852804, 0.3178049716414141, 0.29832867780352595, 0.23021728866442676, 0.22803508501982758, 0.20493901531919198, 0.2024845673131659, 0.16431676725154984, 0.14491376746189438, 0.130384048104053, 0.12649110640673517, 0.1224744871391589, 0.11832159566199232, 0.10488088481701516, 0.1, 0.1, 0.09486832980505137, 0.08944271909999159, 0.08944271909999159, 0.08944271909999159, 0.07745966692414834, 0.07745966692414834, 0.07071067811865475, 0.07071067811865475, 0.07071067811865475, 0.07071067811865475, 0.07071067811865475], "mono_mass": [305.102239072, 199.06037426, 497.20469276, 214.083849356, 200.068199292, 306.10738402799996, 465.17847801199997, 183.06545964, 498.206644564, 288.09949942, 192.09949942, 304.09441404, 266.11514948399997, 426.16757898, 199.068927564, 287.09167438799994, 447.167913328, 211.06037426, 265.107324452, 184.073284672, 215.08899431199998, 466.186303044, 320.125714168, 383.12537982, 298.144044308, 292.09173396399996, 289.10464437599995, 197.044724196, 307.11520906, 394.144044308, 410.17266435999994, 440.059645988], "abs_mass_diff": [0.00040191379684983985, 0.00034618382812823256, 0.0008963732812503622, 0.00032274467187676237, 0.0006181152421902425, 0.0009533743437941666, 0.0009572600468459314, 0.00027409312500026317, 1.0042515611985436e-05, 0.00019522078122236053, 0.0021088563671867178, 0.0005419696875037516, 0.0019464632656536196, 0.0006173100780983987, 0.000873364781256214, 0.0003657942499444289, 0.0009516580781223638, 0.00031566625000323256, 0.002203135890624708, 2.7225710937273107e-05, 0.0013936039921702559, 0.003777409234373863, 0.0005005449531267914, 0.00019671453122782623, 0.00030651503124090596, 0.0009441690780818135, 0.001464444359328354, 0.0002143083046917127, 0.002751784609358765, 0.000764278703115906, 6.513218755799244e-05, 0.002396248328125239], "mass_diff": [1.3173103138065907, 1.7309191406411628, 1.8028287148338153, 1.5075642530063054, 3.089532239829218, 3.114499761373919, 2.057838145958845, 1.3704656250013159, 0.02015733014400949, 0.6776162884703347, 10.544281835933589, 1.782244685872649, 7.314311238535893, 1.4485169748482811, 4.36682390628107, 1.2741390595772017, 2.128194074464817, 1.4956228672845644, 8.310285604104935, 0.13612855468636553, 6.479239098780702, 8.102854625943882, 1.5635911569158434, 0.5134471444380977, 1.028078045542416, 3.232450700498699, 5.065473024802517, 1.0715415234585635, 8.960185574273902, 1.9390885037012346, 0.1587920962922841, 5.445251119473678], "formula": ["C17H16NO3", "C10H10NO2", "C28H30N2O5", "C11H13NO2", "C10H11NO2", "C14H19O6", "C27H26N2O4", "C10H10NO", "C35H27N2", "C17H15NO2", "C9H15NO2", "C17H15NO3", "C15H17NO2", "C25H25NO4", "C6H12N2O4", "C17H14NO2", "C27H24N2O3", "C11H10NO2", "C15H16NO2", "C10H11NO", "C8H16O5", "C27H27N2O4", "C18H19NO3", "C23H20O4", "C19H19N2", "C13H17O6", "C14H18O5", "C10H8NO2", "C14H20O6", "C27H19N2", "C25H25NO3", "C34H9"], "ions": ["[M+Na]+", "[M+Na]+", "[M+Na]+", "[M+Na]+", "[M+Na]+", "[M+Na]+", "[M+Na]+", "[M+Na]+", "[M+Na]+", "[M+Na]+", "[M+Na]+", "[M+Na]+", "[M+Na]+", "[M+Na]+", "[M+Na]+", "[M+Na]+", "[M+Na]+", "[M+Na]+", "[M+Na]+", "[M+Na]+", "[M+Na]+", "[M+Na]+", "[M+Na]+", "[M+Na]+", "[M+Na]+", "[M+Na]+", "[M+Na]+", "[M+Na]+", "[M+Na]+", "[M+Na]+", "[M+Na]+", "[M+Na]+"]}}