{"cand_form": "C18H13N3O", "cand_ion": "[M+Na]+", "output_tbl": {"mz": [234.10264587402344, 235.0748748779297, 250.09780883789062, 122.99372863769531], "ms2_inten": [0.9787747442593725, 0.7436396977031283, 0.6587867636800242, 0.5848076606885378], "mono_mass": [234.100168116, 235.07160764, 250.09508273600002, 122.9953687], "abs_mass_diff": [0.002477758023445631, 0.0032672379296911913, 0.00272610189060174, 0.0016400623046877172], "mass_diff": [10.584066720796377, 13.898711767422236, 10.900143041112187, 8.200311523438586], "formula": ["C13H13N3", "C12H10N3O", "C13H13N3O", "C6N2"], "ions": ["[M+Na]+", "[M+Na]+", "[M+Na]+", "[M+Na]+"]}}