{"cand_form": "C26H30N2O8", "cand_ion": "[M+H]+", "output_tbl": {"mz": [337.15423583984375, 499.2069091796875, 267.1124572753906, 338.1572570800781, 319.1438903808594, 337.20184326171875, 171.09188842773438, 481.19659423828125, 337.10614013671875, 337.1925354003906, 144.0805206298828, 337.1160888671875, 337.21600341796875, 463.18572998046875, 337.0924377441406, 170.09617614746094, 268.1158142089844, 149.05967712402344, 265.0967712402344, 267.1257019042969, 320.1472473144531, 337.052001953125, 337.2298889160156, 337.2431335449219, 337.0792236328125], "ms2_inten": [1.0, 0.3781534080237807, 0.26267851073127396, 0.21447610589527216, 0.1224744871391589, 0.08944271909999159, 0.08366600265340755, 0.08366600265340755, 0.08366600265340755, 0.07745966692414834, 0.07071067811865475, 0.06324555320336758, 0.05477225575051661, 0.05477225575051661, 0.044721359549995794, 0.044721359549995794, 0.044721359549995794, 0.03162277660168379, 0.03162277660168379, 0.03162277660168379, 0.03162277660168379, 0.03162277660168379, 0.03162277660168379, 0.03162277660168379, 0.03162277660168379], "mono_mass": [337.154668952, 499.207492372, 267.11280414, 338.159813908, 319.144104268, 337.200950448, 171.091674772, 481.196927688, 337.10705006399996, 337.19105446, 144.08077574, 337.115603368, 337.216206588, 463.186363004, 337.091793924, 170.096425804, 268.11526901999997, 149.05970594800002, 265.097154076, 267.125380204, 320.14656914799997, 337.052215264, 337.227439968, 337.24001603199997, 337.07921785999997], "abs_mass_diff": [0.0004331121562586304, 0.000583192312490155, 0.0003468646093551797, 0.002556827921864624, 0.00021388714060321945, 0.0008928137187353968, 0.0002136557343703771, 0.00033344971876658747, 0.0009099272812136405, 0.001480940390649721, 0.0002551101171945902, 0.00048549918750495635, 0.00020317003122727328, 0.0006330235312361765, 0.0006438201406240296, 0.00024965653906861007, 0.0005451889844039215, 2.882397657799629e-05, 0.00038283576560615984, 0.00032170029686540147, 0.0006781664531558818, 0.00021331087498310808, 0.002448948015626229, 0.0031175129219036535, 5.772812528448412e-06], "mass_diff": [1.2846113446558296, 1.1682376621118387, 1.2985714440025733, 7.561061808764165, 0.670190303025921, 2.647713043615959, 1.0682786718518855, 0.6929594322969548, 2.6992308144983803, 4.391972642250861, 1.275550585972951, 1.4401543074861278, 0.6024922576863897, 1.3666732160830373, 1.9099216373186663, 1.2482826953430504, 2.033408532847566, 0.14411988288998145, 1.4441359048437024, 1.2043030474868235, 2.118295437004889, 0.6328722978858733, 7.261954222082965, 9.244110885621309, 0.01712598144208632], "formula": ["C20H20N2O3", "C26H30N2O8", "C16H14N2O2", "C17H23NO6", "C20H18N2O2", "C19H28O5", "C11H10N2", "C26H28N2O7", "C20H16O5", "C21H24N2O2", "C10H9N", "C16H18NO7", "C23H28O2", "C26H26N2O6", "C16H16O8", "C12H11N", "C10H19O8", "C9H8O2", "C16H12N2O2", "C17H16NO2", "C14H23O8", "C25H6NO", "C22H28N2O", "C23H30NO", "C15H14NO8"], "ions": ["[M+H]+", "[M+H]+", "[M+H]+", "[M+H]+", "[M+H]+", "[M+H]+", "[M+H]+", "[M+H]+", "[M+H]+", "[M+H]+", "[M+H]+", "[M+H]+", "[M+H]+", "[M+H]+", "[M+H]+", "[M+H]+", "[M+H]+", "[M+H]+", "[M+H]+", "[M+H]+", "[M+H]+", "[M+H]+", "[M+H]+", "[M+H]+", "[M+H]+"]}}