{"cand_form": "C18H27NO3", "cand_ion": "[M+Na]+", "output_tbl": {"mz": [288.1125793457031], "ms2_inten": [0.9602083107326244], "mono_mass": [288.11207548399994], "abs_mass_diff": [0.0005038617031800641], "mass_diff": [1.7488361817603457], "formula": ["C18H17O2"], "ions": ["[M+Na]+"]}}