{"cand_form": "C18H19NO4", "cand_ion": "[M+H]+", "output_tbl": {"mz": [265.08551025390625, 297.1117858886719, 314.1384582519531, 266.0898132324219, 237.0906982421875, 282.0884094238281, 233.05941772460938, 265.1190185546875, 265.0522766113281, 265.1120300292969, 265.1283874511719, 250.0625457763672, 205.06423950195312, 264.078369140625, 253.08619689941406, 313.12664794921875, 267.0657958984375, 177.0695343017578, 283.0928039550781], "ms2_inten": [1.0, 0.973139250056229, 0.23664319132398465, 0.232379000772445, 0.14832396974191325, 0.14491376746189438, 0.10488088481701516, 0.08944271909999159, 0.07745966692414834, 0.07071067811865475, 0.05477225575051661, 0.044721359549995794, 0.044721359549995794, 0.03162277660168379, 0.03162277660168379, 0.03162277660168379, 0.03162277660168379, 0.03162277660168379, 0.03162277660168379], "mono_mass": [265.08592069599996, 297.112135444, 314.13868454, 266.093745728, 237.091006076, 282.08866034799996, 233.05970594800002, 265.122306204, 265.049535188, 265.10973013999995, 265.130859508, 250.06244560000002, 205.064791328, 264.078095664, 253.08592069600002, 313.130859508, 267.065185252, 177.069876708, 283.09648538], "abs_mass_diff": [0.000410442093709662, 0.00034955532811409284, 0.0002262880468606454, 0.003932495578112594, 0.00030783381251353603, 0.00025092417183714133, 0.0002882233906404963, 0.003287649312483154, 0.0027414233281319866, 0.0022998892969212648, 0.002472056828139557, 0.00010017636716952438, 0.0005518260468875269, 0.0002734766250114262, 0.0002762034140459946, 0.004211558781264557, 0.0006106464375079668, 0.0003424062421970575, 0.003681424921865073], "mass_diff": [1.5483384712975417, 1.1765111473735734, 0.7203449336316289, 14.778827984210244, 1.2983799651181787, 0.8895231546367309, 1.236694888601629, 12.400654356696004, 10.342953334266213, 8.675160069752813, 9.323999032713276, 0.40060524401408304, 2.690991116870336, 1.0355888893944074, 1.0913412798872164, 13.45001713794594, 2.2865018541730056, 1.7120312109852875, 13.004304137837607], "formula": ["C17H12O3", "C18H16O4", "C18H19NO4", "C17H13O3", "C16H12O2", "C17H13O4", "C16H8O2", "C18H16O2", "C16H8O4", "C17H14NO2", "C14H18NO4", "C16H9O3", "C15H8O", "C17H11O3", "C16H12O3", "C18H18NO4", "C16H10O4", "C14H8", "C17H14O4"], "ions": ["[M+H]+", "[M+H]+", "[M+H]+", "[M+H]+", "[M+H]+", "[M+H]+", "[M+H]+", "[M+H]+", "[M+H]+", "[M+H]+", "[M+H]+", "[M+H]+", "[M+H]+", "[M+H]+", "[M+H]+", "[M+H]+", "[M+H]+", "[M+H]+", "[M+H]+"]}}