{"cand_form": "C16H19NO3", "cand_ion": "[M+Na]+", "output_tbl": {"mz": [296.1253967285156, 280.0943603515625, 281.1016845703125], "ms2_inten": [1.0, 0.4658325879540846, 0.433589667773576], "mono_mass": [296.125714168, 280.09441404, 281.102239072], "abs_mass_diff": [0.00031743948437679137, 5.368843750375163e-05, 0.0005545016874748399], "mass_diff": [1.071976560888549, 0.1916798233151292, 1.9726017946937677], "formula": ["C16H19NO3", "C15H15NO3", "C15H16NO3"], "ions": ["[M+Na]+", "[M+Na]+", "[M+Na]+"]}}