{"cand_form": "C20H23NO4", "cand_ion": "[M+H]+", "output_tbl": {"mz": [178.08604431152344, 163.06259155273438, 151.0750732421875, 264.0781555175781, 236.0830841064453, 265.0859680175781, 248.08338928222656, 281.08099365234375, 176.07029724121094, 165.0908966064453, 247.0753631591797, 279.10186767578125, 219.0804443359375, 119.04883575439453, 326.13909912109375, 280.1088562011719, 192.101806640625, 191.0850372314453, 150.06727600097656, 235.0753631591797, 251.10655212402344, 91.05389404296875, 191.09375, 253.0857391357422, 263.0702819824219, 296.1040954589844, 342.1703796386719, 220.0884552001953, 178.06773376464844, 190.0863037109375, 163.0746612548828, 208.08761596679688, 218.0730438232422, 237.08921813964844, 231.0808868408203, 238.0619354248047, 250.09896850585938, 268.1083679199219, 308.1283874511719, 97.05078125, 267.1290283203125, 222.10464477539062], "ms2_inten": [1.0, 0.3478505426185217, 0.24289915602982237, 0.2345207879911715, 0.21908902300206645, 0.20976176963403032, 0.18973665961010275, 0.17320508075688773, 0.161245154965971, 0.15811388300841897, 0.15165750888103102, 0.14491376746189438, 0.1414213562373095, 0.13784048752090222, 0.130384048104053, 0.1224744871391589, 0.11832159566199232, 0.10954451150103323, 0.10954451150103323, 0.10488088481701516, 0.10488088481701516, 0.10488088481701516, 0.10488088481701516, 0.09486832980505137, 0.09486832980505137, 0.09486832980505137, 0.09486832980505137, 0.08944271909999159, 0.08366600265340755, 0.07745966692414834, 0.07745966692414834, 0.07745966692414834, 0.07745966692414834, 0.07745966692414834, 0.07071067811865475, 0.07071067811865475, 0.07071067811865475, 0.07071067811865475, 0.07071067811865475, 0.06324555320336758, 0.06324555320336758, 0.06324555320336758], "mono_mass": [178.086255044, 163.062779948, 151.07535601200001, 264.078095664, 236.083181044, 265.08592069599996, 248.083181044, 281.080835316, 176.07060498, 165.091006076, 247.07535601200001, 279.10157076, 219.080441392, 119.049141264, 326.13868454, 280.109395792, 192.101905108, 191.085526772, 150.06753098000002, 235.07535601200001, 251.10665614, 91.054226644, 191.094080076, 253.08592069600002, 263.07027063199996, 296.10431041199996, 342.169984668, 220.088266424, 178.065125676, 190.086255044, 163.07535601200001, 208.088266424, 218.07261636, 237.091006076, 231.080441392, 238.06244560000002, 250.098831108, 268.109395792, 308.12811985599996, 97.052215264, 267.125380204, 222.103916488], "abs_mass_diff": [0.00021073247657454885, 0.00018839526563851905, 0.00028276981251451616, 5.985357813642622e-05, 9.69375547015261e-05, 4.7321578165337996e-05, 0.0002082382265484739, 0.0001583363437589469, 0.000307738789075529, 0.00010946955470103603, 7.147179672983839e-06, 0.0002969157812344747, 2.94393748845323e-06, 0.0003055096054680462, 0.0004145810937643546, 0.0005395908281116135, 9.846737501106873e-05, 0.0004895405546960774, 0.0002549790234525062, 7.147179672983839e-06, 0.0001040159765750559, 0.0003326010312463268, 0.0003300760000115588, 0.00018156025782900542, 1.1350421914357867e-05, 0.0002149530155861612, 0.00039497067189131485, 0.0001887761953014433, 0.0026080886484294297, 4.8666937487951145e-05, 0.0006947571172020162, 0.0006504572031360567, 0.00042746324217546317, 0.001787936351576036, 0.00044544882030095323, 0.0005101751953304756, 0.00013739785936195403, 0.0010278720781116135, 0.00026759517191976556, 0.001434013999997319, 0.0036481163124904015, 0.0007282873906149234], "mass_diff": [1.0536623828727443, 0.9419763281925952, 1.4138490625725808, 0.2266510004173447, 0.41060779542264375, 0.17851408174951025, 0.8393880265460913, 0.5633121674345078, 1.538693945377645, 0.5473477735051802, 0.028927124022394852, 1.0638258486302463, 0.013437700920210852, 1.5275480273402309, 1.271178754346233, 1.9263611848248163, 0.4923368750553436, 2.447702773480387, 1.2748951172625311, 0.03040378020449627, 0.41423043602494936, 1.663005156231634, 1.650380000057794, 0.7173863626177128, 0.0431459677954665, 0.7259373270503648, 1.1543099443861842, 0.8577287487875274, 13.040443242147148, 0.24333468743975575, 3.473785586010081, 3.125881375083108, 1.9601837745794062, 7.541196371582447, 1.9276748777920343, 2.143035569378633, 0.5493739545700487, 3.833793350376205, 0.8684534850336388, 7.170069999986595, 13.656757318474469, 3.2790281866974187], "formula": ["C10H11NO2", "C9H8NO2", "C9H10O2", "C17H11O3", "C16H11O2", "C17H12O3", "C17H11O2", "C17H12O4", "C10H9NO2", "C10H12O2", "C17H10O2", "C18H14O3", "C16H10O", "C8H6O", "C19H19NO4", "C18H15O3", "C11H13NO2", "C15H10", "C9H9O2", "C16H10O2", "C17H14O2", "C7H6", "C11H12NO2", "C16H12O3", "C17H10O3", "C18H15O4", "C20H23NO4", "C16H11O", "C13H7N", "C11H11NO2", "C10H10O2", "C15H11O", "C16H9O", "C16H12O2", "C17H10O", "C15H9O3", "C17H13O2", "C17H15O3", "C19H17NO3", "C5H6NO", "C17H16NO2", "C16H13O"], "ions": ["[M+H]+", "[M+H]+", "[M+H]+", "[M+H]+", "[M+H]+", "[M+H]+", "[M+H]+", "[M+H]+", "[M+H]+", "[M+H]+", "[M+H]+", "[M+H]+", "[M+H]+", "[M+H]+", "[M+H]+", "[M+H]+", "[M+H]+", "[M+H]+", "[M+H]+", "[M+H]+", "[M+H]+", "[M+H]+", "[M+H]+", "[M+H]+", "[M+H]+", "[M+H]+", "[M+H]+", "[M+H]+", "[M+H]+", "[M+H]+", "[M+H]+", "[M+H]+", "[M+H]+", "[M+H]+", "[M+H]+", "[M+H]+", "[M+H]+", "[M+H]+", "[M+H]+", "[M+H]+", "[M+H]+", "[M+H]+"]}}