{"cand_form": "C12H14N2O2", "cand_ion": "[M+H]+", "output_tbl": {"mz": [188.070068359375, 132.080322265625, 219.11227416992188, 146.05958557128906, 88.0389404296875, 173.1068115234375, 144.08033752441406, 188.0856170654297, 170.05953979492188, 118.06470489501953, 132.08926391601562, 132.0917510986328, 188.09530639648438, 143.07273864746094, 144.0443115234375, 130.0648193359375, 160.07554626464844, 115.05427551269531, 123.02442932128906, 131.0719757080078, 132.0956268310547, 142.0057373046875, 142.06405639648438], "ms2_inten": [1.0, 0.6670832032063166, 0.35496478698597694, 0.34641016151377546, 0.2683281572999748, 0.14832396974191325, 0.130384048104053, 0.10488088481701516, 0.08944271909999159, 0.08366600265340755, 0.07745966692414834, 0.06324555320336758, 0.05477225575051661, 0.044721359549995794, 0.044721359549995794, 0.044721359549995794, 0.044721359549995794, 0.03162277660168379, 0.03162277660168379, 0.03162277660168379, 0.03162277660168379, 0.03162277660168379, 0.03162277660168379], "mono_mass": [188.07060498, 132.08077574, 219.11280414, 146.060040296, 88.039304852, 173.107324836, 144.08077574, 188.083181044, 170.060040296, 118.065125676, 132.089329044, 132.093351804, 188.094414424, 143.072950708, 144.044390232, 130.065125676, 160.07569036, 115.054226644, 123.022926516, 131.072950708, 132.093351804, 142.00493072400002, 142.065125676], "abs_mass_diff": [0.000536620625013029, 0.0004534743750070902, 0.0005299700781336014, 0.0004547247109485397, 0.0003644223125007784, 0.0005133125625036428, 0.0004382155859445902, 0.002436021429673474, 0.0005005010781360397, 0.0004207809804626095, 6.512798438507161e-05, 0.0016007053671955873, 0.0008919724843678978, 0.00021206053907008027, 7.870856251201985e-05, 0.00030634006250807033, 0.0001440953515725596, 4.8868695316173216e-05, 0.001502805289064213, 0.0009749999921950803, 0.0022750270546794127, 0.0008065806874810733, 0.0010692795156330703], "mass_diff": [2.683103125065145, 2.267371875035451, 2.4187146983952568, 2.2736235547426986, 1.822111562503892, 2.566562812518214, 2.191077929722951, 12.18010714836737, 2.5025053906801986, 2.1039049023130474, 0.32563992192535807, 8.003526835977937, 4.459862421839489, 1.0603026953504013, 0.39354281256009926, 1.5317003125403517, 0.720476757862798, 0.24434347658086605, 7.514026445321065, 4.874999960975401, 11.375135273397063, 4.032903437405366, 5.346397578165352], "formula": ["C11H9NO2", "C9H9N", "C12H14N2O2", "C9H7NO", "C3H5NO2", "C11H12N2", "C10H9N", "C12H11O2", "C11H7NO", "C8H7N", "C5H11N2O2", "C10H11", "C11H11N2O", "C10H8N", "C9H5NO", "C9H7N", "C10H9NO", "C9H6", "C10H2", "C9H8N", "C10H11", "C9HO2", "C10H7N"], "ions": ["[M+H]+", "[M+H]+", "[M+H]+", "[M+H]+", "[M+H]+", "[M+H]+", "[M+H]+", "[M+H]+", "[M+H]+", "[M+H]+", "[M+H]+", "[M+H]+", "[M+H]+", "[M+H]+", "[M+H]+", "[M+H]+", "[M+H]+", "[M+H]+", "[M+H]+", "[M+H]+", "[M+H]+", "[M+H]+", "[M+H]+"]}}