{"cand_form": "C22H33NO4", "cand_ion": "[M+Na]+", "output_tbl": {"mz": [398.2297058105469, 380.21923828125, 302.211181640625, 258.2213439941406, 324.1930847167969, 336.22943115234375, 354.2401123046875, 306.1824035644531, 276.19561767578125, 381.2227783203125, 284.2005615234375, 294.1825866699219, 362.2089538574219, 303.2140808105469, 292.16680908203125, 312.19293212890625, 307.1896667480469, 266.1897277832031, 230.18995666503906, 298.1778869628906, 325.19677734375, 290.2102355957031, 252.17376708984375, 228.17498779296875, 172.12191772460938, 282.185302734375, 224.2001190185547, 137.03665161132812], "ms2_inten": [1.0, 0.9402127418834527, 0.6549809157525126, 0.523450093132096, 0.5079370039680118, 0.3391164991562634, 0.3361547262794322, 0.322490309931942, 0.21213203435596426, 0.2073644135332772, 0.19493588689617927, 0.19235384061671346, 0.17606816861659008, 0.17606816861659008, 0.1673320053068151, 0.1673320053068151, 0.15811388300841897, 0.15491933384829668, 0.14832396974191325, 0.1414213562373095, 0.13784048752090222, 0.1224744871391589, 0.1224744871391589, 0.1224744871391589, 0.11832159566199232, 0.10954451150103323, 0.10488088481701516, 0.1], "mono_mass": [398.23017923599997, 380.219614552, 302.20904986799997, 258.21922062799996, 324.19339980399997, 336.229785312, 354.24034999599996, 306.18283512, 276.19339980399997, 381.22743958399997, 284.198485184, 294.18283512, 362.20904986799997, 303.21687489999994, 292.167185056, 312.19339980399997, 307.19066015199996, 266.18792049999996, 230.1879205, 298.17774973999997, 325.201224836, 290.20904986799997, 252.172270436, 228.172270436, 172.122246244, 282.18283512, 224.19848518400002, 137.036170892], "abs_mass_diff": [0.00047342545309447814, 0.0003762707499959106, 0.0021317726250345004, 0.002123366140665439, 0.00031508720309147975, 0.0003541596562399718, 0.00023769131246353936, 0.0004315555468679122, 0.0022178717812835202, 0.004661263687466999, 0.002076339437508068, 0.0002484500781179122, 9.601057809049962e-05, 0.002794089453061588, 0.00037597396874389233, 0.00046767509371647975, 0.0009934039530890004, 0.001807283203163479, 0.002036165039072557, 0.00013722289065754012, 0.004447492249994411, 0.0011857277031595004, 0.001496653843759077, 0.002717356968759077, 0.00032851939062084057, 0.002467614375007088, 0.0016338345546671462, 0.0004807193281237687], "mass_diff": [1.1888250579671842, 0.9896152327715235, 7.053917110087283, 8.223046584071769, 0.9719121657598844, 1.0533273515830446, 0.6709892646462841, 1.409472072346141, 8.030075929325646, 12.227138441214795, 7.305894915822804, 0.8445437948258904, 0.2650695877835553, 9.214906661301724, 1.286846955426517, 1.4980322921704519, 3.23384560296352, 6.7894550936068105, 8.845585917701367, 0.4602047859927924, 13.676310959543057, 4.085754248900297, 5.935010056878174, 11.90909220613011, 1.6425969531042028, 8.744659452834396, 7.287393788278636, 2.4035966406188436], "formula": ["C22H33NO4", "C22H31NO3", "C17H29NO2", "C16H29N", "C19H27NO2", "C21H31NO", "C21H33NO2", "C19H25NO", "C15H27NO2", "C22H32NO3", "C17H27NO", "C18H25NO", "C22H29NO2", "C17H30NO2", "C18H23NO", "C18H27NO2", "C19H26NO", "C17H25N", "C14H25N", "C17H25NO2", "C19H28NO2", "C16H29NO2", "C16H23N", "C14H23N", "C11H17", "C17H25NO", "C12H27NO", "C9H6"], "ions": ["[M+Na]+", "[M+Na]+", "[M+Na]+", "[M+Na]+", "[M+Na]+", "[M+Na]+", "[M+Na]+", "[M+Na]+", "[M+Na]+", "[M+Na]+", "[M+Na]+", "[M+Na]+", "[M+Na]+", "[M+Na]+", "[M+Na]+", "[M+Na]+", "[M+Na]+", "[M+Na]+", "[M+Na]+", "[M+Na]+", "[M+Na]+", "[M+Na]+", "[M+Na]+", "[M+Na]+", "[M+Na]+", "[M+Na]+", "[M+Na]+", "[M+Na]+"]}}