{"cand_form": "C21H21NO5", "cand_ion": "[M+H]+", "output_tbl": {"mz": [338.101806640625, 310.10687255859375, 353.12518310546875, 339.1051330566406, 324.1226501464844, 352.117431640625, 336.12261962890625, 294.0758361816406, 335.11474609375, 323.0782165527344, 292.0962829589844, 322.0705261230469, 295.0831604003906, 320.0914001464844, 291.088623046875, 308.09136962890625, 334.10693359375, 337.0939636230469, 309.0987243652344, 338.1390686035156, 354.12841796875, 338.1497497558594, 278.08123779296875, 266.08050537109375, 368.1482238769531, 280.0964050292969, 307.0833435058594, 277.0741882324219, 322.1070251464844, 337.1276550292969, 274.0859680175781, 279.0888977050781, 321.09857177734375, 306.07562255859375, 154.0473175048828, 161.1558074951172, 249.07765197753906], "ms2_inten": [1.0, 0.44609416046390926, 0.27748873851023215, 0.25495097567963926, 0.22803508501982758, 0.16431676725154984, 0.15491933384829668, 0.15165750888103102, 0.13784048752090222, 0.130384048104053, 0.1224744871391589, 0.11832159566199232, 0.10954451150103323, 0.10954451150103323, 0.10954451150103323, 0.09486832980505137, 0.09486832980505137, 0.08944271909999159, 0.07745966692414834, 0.07071067811865475, 0.07071067811865475, 0.07071067811865475, 0.06324555320336758, 0.06324555320336758, 0.06324555320336758, 0.05477225575051661, 0.05477225575051661, 0.05477225575051661, 0.05477225575051661, 0.044721359549995794, 0.044721359549995794, 0.044721359549995794, 0.044721359549995794, 0.044721359549995794, 0.03162277660168379, 0.03162277660168379, 0.03162277660168379], "mono_mass": [338.10229903199996, 310.107384412, 353.125774128, 339.110124064, 324.123034476, 352.11794909599996, 336.123034476, 294.076084284, 335.11520944399996, 323.078823936, 292.09681972799996, 322.07099890399996, 295.08390931599996, 320.091734348, 291.088994696, 308.091734348, 334.107384412, 337.094474, 309.09955938, 338.13868454, 354.13359915999996, 338.151260604, 278.081169664, 266.081169664, 368.149249224, 280.09681972799996, 307.08390931599996, 277.073344632, 322.107384412, 337.130859508, 274.086255044, 279.088994696, 321.09955938, 306.076084284, 154.04986953600002, 161.153606332, 249.078430012], "abs_mass_diff": [0.0004923913749621533, 0.0005118534062376057, 0.0005910225312391049, 0.004991007359365085, 0.00038432951561162554, 0.0005174553749611732, 0.00041484709373662554, 0.00024810235936456593, 0.0004633502499586939, 0.0006073832656170453, 0.0005367690155821947, 0.0004727809530891136, 0.0007489156093356542, 0.0003342015156135858, 0.00037164912498610647, 0.0003647190937385858, 0.00045081824998760567, 0.0005103769531160651, 0.0008350147656415174, 0.0003840635156393546, 0.005181191249960193, 0.0015108481406400642, 6.812896873498175e-05, 0.0006642929062650182, 0.0010253470468910564, 0.0004146987030821947, 0.0005658101405856542, 0.0008436004218879134, 0.00035926551561260567, 0.003204478703139557, 0.00028702642185862715, 9.699092186110647e-05, 0.0009876026562665174, 0.00046172540623956593, 0.0025520311172044785, 0.0022011631171778845, 0.0007780344609500389], "mass_diff": [1.4563405616034633, 1.6505709854620927, 1.6736912560058985, 14.718171070950548, 1.1857533419461157, 1.4695534173079337, 1.234213556334395, 0.8436679551301914, 1.3826614774781334, 1.8799882953975178, 1.8376441156478762, 1.4679423130711684, 2.537981524663997, 1.0440815200303544, 1.276755927785809, 1.1838017214759609, 1.349323239534347, 1.5140495179165856, 2.7014500540444, 1.1358152644871913, 14.63082595765417, 4.467985387334697, 0.24499663938386132, 2.49658615665417, 2.785147341180057, 1.480557035492187, 1.8425295690935386, 3.044673440242166, 1.1153606955614295, 9.505238313543526, 1.0472131205207087, 0.34752698032294993, 3.075699311896476, 1.508533748554821, 12.760155586022393, 11.005815585889422, 3.123662258628483], "formula": ["C19H15NO5", "C18H15NO4", "C20H18NO5", "C19H16NO5", "C19H17NO4", "C20H17NO5", "C20H17NO4", "C17H11NO4", "C20H16NO4", "C18H12NO5", "C18H13NO3", "C18H11NO5", "C17H12NO4", "C19H13NO4", "C18H12NO3", "C18H13NO4", "C20H15NO4", "C19H14NO5", "C18H14NO4", "C20H19NO4", "C20H19NO5", "C21H21O4", "C17H11NO3", "C16H11NO3", "C21H21NO5", "C17H13NO3", "C18H12NO4", "C17H10NO3", "C19H15NO4", "C20H18NO4", "C18H11NO2", "C17H12NO3", "C19H14NO4", "C18H11NO4", "C7H7NO3", "C9H20O2", "C16H10NO2"], "ions": ["[M+H]+", "[M+H]+", "[M+H]+", "[M+H]+", "[M+H]+", "[M+H]+", "[M+H]+", "[M+H]+", "[M+H]+", "[M+H]+", "[M+H]+", "[M+H]+", "[M+H]+", "[M+H]+", "[M+H]+", "[M+H]+", "[M+H]+", "[M+H]+", "[M+H]+", "[M+H]+", "[M+H]+", "[M+H]+", "[M+H]+", "[M+H]+", "[M+H]+", "[M+H]+", "[M+H]+", "[M+H]+", "[M+H]+", "[M+H]+", "[M+H]+", "[M+H]+", "[M+H]+", "[M+H]+", "[M+H]+", "[M+H]+", "[M+H]+"]}}