{"cand_form": "C12H9NO2", "cand_ion": "[M+H]+", "output_tbl": {"mz": [129.05685424804688, 161.0465545654297, 144.08045959472656, 128.049072265625, 102.04615783691406, 115.05393981933594, 72.0586166381836, 145.0645294189453], "ms2_inten": [0.38987177379235854, 0.09486832980505137, 0.08366600265340755, 0.07745966692414834, 0.06324555320336758, 0.05477225575051661, 0.044721359549995794, 0.044721359549995794], "mono_mass": [129.057300644, 161.04712988400001, 144.08077574, 128.049475612, 102.046401612, 115.054226644, 72.056966296, 145.064791328], "abs_mass_diff": [0.0004463959531335604, 0.0005753185703269992, 0.0003161452734445902, 0.00040334637500905046, 0.00024377508593431685, 0.0002868246640588268, 0.0016503421835949439, 0.0002619090547000269], "mass_diff": [2.231979765667802, 2.876592851634996, 1.580726367222951, 2.0167318750452523, 1.2188754296715842, 1.434123320294134, 8.25171091797472, 1.3095452735001345], "formula": ["C9H6N", "C9H6NO2", "C10H9N", "C9H5N", "C8H5", "C9H6", "C4H7O", "C10H8O"], "ions": ["[M+H]+", "[M+H]+", "[M+H]+", "[M+H]+", "[M+H]+", "[M+H]+", "[M+H]+", "[M+H]+"]}}