{"cand_form": "C20H17NO5", "cand_ion": "[M+Na]+", "output_tbl": {"mz": [344.0523681640625, 316.0574951171875, 345.05560302734375, 359.0758056640625, 344.1010437011719, 342.0735778808594, 316.0367431640625, 358.0687255859375, 86.01422882080078, 207.0248565673828, 343.0783996582031], "ms2_inten": [1.0, 0.2683281572999748, 0.25099800796022265, 0.15491933384829668, 0.08366600265340755, 0.06324555320336758, 0.06324555320336758, 0.05477225575051661, 0.05477225575051661, 0.044721359549995794, 0.044721359549995794], "mono_mass": [344.05294315199995, 316.058028532, 345.060768184, 359.076418248, 344.101904724, 342.073678596, 316.036899164, 358.06859321599995, 86.012695796, 207.026394056, 343.081503628], "abs_mass_diff": [0.0005749879374548073, 0.0005334148124802596, 0.005165156656232739, 0.0006125839374817588, 0.0008610228281327181, 0.00010071514060427944, 0.00015599993747628105, 0.00013236993754617288, 0.0015330248007785485, 0.0015374886171741764, 0.003103969796882211], "mass_diff": [1.6712221471488966, 1.6877144846145178, 14.969056033045863, 1.7060017072129574, 2.5022383508968877, 0.2944253725418029, 0.49361329291796185, 0.3696774615810554, 7.665124003892743, 7.426589457260423, 9.047406656830002], "formula": ["C18H11NO5", "C17H11NO4", "C18H12NO5", "C19H14NO5", "C20H17O4", "C19H13NO4", "C20H7NO2", "C19H13NO5", "C5H3", "C8H8O5", "C19H14NO4"], "ions": ["[M+Na]+", "[M+Na]+", "[M+Na]+", "[M+Na]+", "[M+Na]+", "[M+Na]+", "[M+Na]+", "[M+Na]+", "[M+Na]+", "[M+Na]+", "[M+Na]+"]}}