{"cand_form": "C16H19N3O3", "cand_ion": "[M+Na]+", "output_tbl": {"mz": [225.06321716308594, 324.1316833496094, 306.1212463378906, 266.08984375, 225.0892791748047, 225.037109375, 243.073974609375, 225.08416748046875, 225.04249572753906, 122.05755615234375, 225.02932739257812, 225.09649658203125, 225.0150909423828, 224.05328369140625, 287.10113525390625, 81.033935546875], "ms2_inten": [1.0, 0.4878524367060187, 0.09486832980505137, 0.08944271909999159, 0.08944271909999159, 0.08366600265340755, 0.07745966692414834, 0.07745966692414834, 0.07745966692414834, 0.05477225575051661, 0.044721359549995794, 0.044721359549995794, 0.03162277660168379, 0.03162277660168379, 0.03162277660168379, 0.03162277660168379], "mono_mass": [225.06344826, 324.13186216799994, 306.12129748399997, 266.08999735599997, 225.088600388, 225.039638816, 243.074012944, 225.087257704, 225.042318892, 122.057634608, 225.029742828, 225.09983376800002, 225.014486688, 224.055623228, 287.10290776799997, 81.031085512], "abs_mass_diff": [0.00023109691406375532, 0.00017881839056599347, 5.1146109342425916e-05, 0.00015360599996938618, 0.0006787868046842505, 0.002529441000007182, 3.833462500324458e-05, 0.0030902235312453286, 0.0001768355390652232, 7.845565625075324e-05, 0.0004154354218712797, 0.0033371859687747474, 0.0006042543828073121, 0.0023395365937517454, 0.0017725140937159267, 0.0028500348749957993], "mass_diff": [1.0268088983029922, 0.5516843917202608, 0.16707794690595193, 0.5772711870720777, 3.015633650668469, 11.240106163077941, 0.15770764873059379, 13.72919102145857, 0.7857873176065358, 0.3922782812537662, 1.8461390196777592, 14.825579337964447, 2.6853949229655756, 10.44187594667902, 6.173831713163907, 14.250174374978997], "formula": ["C11H10N2O2", "C16H19N3O3", "C16H17N3O2", "C13H13N3O2", "C13H14O2", "C11H8NO3", "C11H12N2O3", "C11H12N3O", "C14H6N2", "C5H9NO", "C13H4N3", "C12H14N2O", "C9H4N3O3", "C11H9N2O2", "C16H14N3O", "C3H6O"], "ions": ["[M+Na]+", "[M+Na]+", "[M+Na]+", "[M+Na]+", "[M+Na]+", "[M+Na]+", "[M+Na]+", "[M+Na]+", "[M+Na]+", "[M+Na]+", "[M+Na]+", "[M+Na]+", "[M+Na]+", "[M+Na]+", "[M+Na]+", "[M+Na]+"]}}