{"cand_form": "C19H17N2+", "cand_ion": "[M+H]+", "output_tbl": {"mz": [273.1381530761719, 245.10720825195312, 271.12347412109375, 257.1072998046875, 272.1312561035156, 246.11387634277344, 230.08364868164062, 258.1145324707031, 232.09933471679688, 243.09149169921875, 181.0758514404297, 256.099853515625, 244.09970092773438, 245.11993408203125, 231.0913543701172, 219.0913848876953, 206.08375549316406, 182.08355712890625, 154.06500244140625, 269.1080322265625], "ms2_inten": [1.0, 0.2345207879911715, 0.1673320053068151, 0.1414213562373095, 0.08944271909999159, 0.07071067811865475, 0.06324555320336758, 0.05477225575051661, 0.05477225575051661, 0.05477225575051661, 0.044721359549995794, 0.044721359549995794, 0.03162277660168379, 0.03162277660168379, 0.03162277660168379, 0.03162277660168379, 0.03162277660168379, 0.03162277660168379, 0.03162277660168379, 0.03162277660168379], "mono_mass": [273.138624964, 245.107324836, 271.1229749, 257.107324836, 272.130799932, 246.115149868, 230.08384974, 258.115149868, 232.099499804, 243.091674772, 181.076024708, 256.099499804, 244.099499804, 245.1199009, 231.091674772, 219.091674772, 206.08384974, 182.08384974, 154.065125676, 269.107324836], "abs_mass_diff": [0.0004718878280982608, 0.00011658404687864277, 0.0004992210937757591, 2.5031312475221057e-05, 0.00045617151562282743, 0.0012735252265656527, 0.00020105835938011296, 0.0006173972968781527, 0.00016508720312913283, 0.0001830727812546229, 0.00017326757031810303, 0.00035371162499586717, 0.00020112373437086717, 3.318203124536012e-05, 0.0003204018828171229, 0.0002898843046921229, 9.424683594261296e-05, 0.00029261109375511296, 0.00012323459375807033, 0.0007073905625247789], "mass_diff": [1.7276525552498052, 0.4756451175389444, 1.841305314466384, 0.09735745540572432, 1.6762922501239805, 5.174536460479615, 0.8738489698514429, 2.391950933441647, 0.7112782263274, 0.7531023812266616, 0.8663378515905151, 1.3811473147691073, 0.8239409290813092, 0.13537059468307258, 1.3864728245262066, 1.3231205090091314, 0.4573229739388129, 1.4630554687755648, 0.6161729687903517, 2.6286490101091653], "formula": ["C19H16N2", "C17H12N2", "C19H14N2", "C18H12N2", "C19H15N2", "C17H13N2", "C16H9N2", "C18H13N2", "C16H11N2", "C17H10N2", "C12H8N2", "C18H11N2", "C17H11N2", "C18H14N", "C16H10N2", "C15H10N2", "C14H9N2", "C12H9N2", "C11H7N", "C19H12N2"], "ions": ["[M+H]+", "[M+H]+", "[M+H]+", "[M+H]+", "[M+H]+", "[M+H]+", "[M+H]+", "[M+H]+", "[M+H]+", "[M+H]+", "[M+H]+", "[M+H]+", "[M+H]+", "[M+H]+", "[M+H]+", "[M+H]+", "[M+H]+", "[M+H]+", "[M+H]+", "[M+H]+"]}}