{"cand_form": "C6H13NO4", "cand_ion": "[M+Na]+", "output_tbl": {"mz": [186.07306609829976], "ms2_inten": [1.0], "mono_mass": [186.073678596], "abs_mass_diff": [0.0006124977002457399], "mass_diff": [3.0624885012286995], "formula": ["C6H13NO4"], "ions": ["[M+Na]+"]}}