{"cand_form": "C16H19N3O3", "cand_ion": "[M+H]+", "output_tbl": {"mz": [138.09100341796875, 284.1390686035156, 121.06448364257812, 302.14971923828125, 100.07539367675781, 147.054931640625, 187.04989624023438, 203.08116149902344, 95.0488510131836, 120.08049774169922, 138.1006622314453, 266.12841796875, 138.10357666015625, 110.09640502929688, 156.10165405273438, 139.08883666992188, 147.06190490722656, 187.04067993164062, 95.04569244384766, 71.035400390625], "ms2_inten": [1.0, 0.7231873892705818, 0.3346640106136302, 0.30983866769659335, 0.25298221281347033, 0.2449489742783178, 0.18439088914585774, 0.17888543819998318, 0.161245154965971, 0.10954451150103323, 0.1, 0.09486832980505137, 0.08944271909999159, 0.05477225575051661, 0.05477225575051661, 0.044721359549995794, 0.044721359549995794, 0.044721359549995794, 0.03162277660168379, 0.03162277660168379], "mono_mass": [138.091340424, 284.139353236, 121.064791328, 302.14991791999995, 100.07569036, 147.055289264, 187.050203884, 203.081504012, 95.049141264, 120.08077573999999, 138.102573804, 266.128788552, 138.103916488, 110.09642580399999, 156.101905108, 139.086589392, 147.063842568, 187.04165058, 95.045118504, 71.0365652], "abs_mass_diff": [0.00033700603125907946, 0.0002846324843517323, 0.00030768542187331605, 0.00019868171870029983, 0.00029668324218334874, 0.00035762337500955255, 0.00030764376563752194, 0.0003425129765730617, 0.0002902508164055462, 0.00027799830077412935, 0.0019115725546896556, 0.0003705832500031647, 0.0003398278437600766, 2.0774703116899218e-05, 0.0002510552656360687, 0.0022472779218674077, 0.001937660773450034, 0.0009706483593845405, 0.0005739398476549695, 0.001164809374998299], "mass_diff": [1.6850301562953973, 1.0017365290547395, 1.5384271093665802, 0.6575604941853859, 1.4834162109167437, 1.7881168750477627, 1.5382188281876097, 1.6865817294171261, 1.4512540820277309, 1.3899915038706467, 9.557862773448278, 1.3924978505928678, 1.6991392188003829, 0.10387351558449609, 1.2552763281803436, 11.236389609337039, 9.68830386725017, 4.853241796922703, 2.8696992382748476, 5.824046874991495], "formula": ["C8H11NO", "C16H17N3O2", "C8H8O", "C16H19N3O3", "C5H9NO", "C8H6N2O", "C10H6N2O2", "C11H10N2O2", "C6H6O", "C8H9N", "C7H11N3", "C16H15N3O", "C9H13O", "C7H11N", "C8H13NO2", "C7H10N2O", "C4H8N3O3", "C14H4N", "CH6N2O3", "C3H4NO"], "ions": ["[M+H]+", "[M+H]+", "[M+H]+", "[M+H]+", "[M+H]+", "[M+H]+", "[M+H]+", "[M+H]+", "[M+H]+", "[M+H]+", "[M+H]+", "[M+H]+", "[M+H]+", "[M+H]+", "[M+H]+", "[M+H]+", "[M+H]+", "[M+H]+", "[M+H]+", "[M+H]+"]}}