{"cand_form": "C6H13NO4", "cand_ion": "[M+H]+", "output_tbl": {"mz": [164.09108329059822, 146.08085570348618, 110.05946777701664, 128.07037612016651, 80.04924678769713, 60.044233306791405, 69.0332673295349, 82.06481451638216, 68.04933594653691, 102.05464635237392, 86.0597939785054, 98.05964701616831, 100.07521461853379, 90.05472811539597, 72.04418389842441, 60.04333995050422, 82.06341448466529, 81.03313185661294, 80.04768540435272], "ms2_inten": [1.0, 0.5347896782848375, 0.322490309931942, 0.3209361307176242, 0.24289915602982237, 0.23874672772626646, 0.22135943621178655, 0.18708286933869708, 0.14491376746189438, 0.14491376746189438, 0.1224744871391589, 0.10488088481701516, 0.08944271909999159, 0.07071067811865475, 0.05477225575051661, 0.05477225575051661, 0.05477225575051661, 0.044721359549995794, 0.044721359549995794], "mono_mass": [164.09173434800002, 146.08116966400002, 110.060040296, 128.07060498, 80.049475612, 60.044390232, 69.0334912, 82.065125676, 68.049475612, 102.054954916, 86.060040296, 98.060040296, 100.07569036, 90.054954916, 72.044390232, 60.044390232, 82.065125676, 81.0334912, 80.049475612], "abs_mass_diff": [0.0006510574017966064, 0.00031396051383580925, 0.0005725189833611921, 0.00022885983349851813, 0.00022882430286585986, 0.00015692520859289516, 0.0002238704651063017, 0.0003111596178371201, 0.0001396654630809735, 0.00030856362607778465, 0.0002463174946001345, 0.00039327983168391256, 0.0004757414662037718, 0.00022680060402535673, 0.0002063335755906337, 0.0010502814957789042, 0.001711191334706541, 0.00035934338706056224, 0.0017902076472751105], "mass_diff": [3.255287008983032, 1.5698025691790463, 2.8625949168059606, 1.1442991674925906, 1.1441215143292993, 0.7846260429644758, 1.1193523255315085, 1.5557980891856005, 0.6983273154048675, 1.5428181303889232, 1.2315874730006726, 1.966399158419563, 2.378707331018859, 1.1340030201267837, 1.0316678779531685, 5.251407478894521, 8.555956673532705, 1.7967169353028112, 8.951038236375553], "formula": ["C6H13NO4", "C6H11NO3", "C6H7NO", "C6H9NO2", "C5H5N", "C2H5NO", "C4H4O", "C5H7N", "C4H5N", "C4H7NO2", "C4H7NO", "C5H7NO", "C5H9NO", "C3H7NO2", "C3H5NO", "C2H5NO", "C5H7N", "C5H4O", "C5H5N"], "ions": ["[M+H]+", "[M+H]+", "[M+H]+", "[M+H]+", "[M+H]+", "[M+H]+", "[M+H]+", "[M+H]+", "[M+H]+", "[M+H]+", "[M+H]+", "[M+H]+", "[M+H]+", "[M+H]+", "[M+H]+", "[M+H]+", "[M+H]+", "[M+H]+", "[M+H]+"]}}