{"cand_form": "C38H44N2O6", "cand_ion": "[M+Na]+", "output_tbl": {"mz": [214.0835418701172, 199.06002807617188, 206.11727905273438, 394.14178466796875, 215.0869903564453, 441.1910400390625, 227.0915069580078, 199.07003784179688, 228.09909057617188, 440.18353271484375, 386.1754455566406, 200.0636444091797, 410.0460205078125, 234.06539916992188, 126.07366180419922, 184.01400756835938, 252.2274169921875], "ms2_inten": [1.0, 0.3478505426185217, 0.3255764119219941, 0.18973665961010275, 0.16431676725154984, 0.1224744871391589, 0.1, 0.1, 0.09486832980505137, 0.08944271909999159, 0.08366600265340755, 0.07745966692414834, 0.07745966692414834, 0.07071067811865475, 0.07071067811865475, 0.07071067811865475, 0.07071067811865475], "mono_mass": [214.083849356, 199.06037426, 206.115149484, 394.14136423199994, 215.08899431199998, 441.19105407599994, 227.091674388, 199.068927564, 228.09949942, 440.183229044, 386.175344436, 200.065519216, 410.04505854399997, 234.065125292, 126.076358672, 184.01308972, 252.22978531200002], "abs_mass_diff": [0.00030748588281426237, 0.00034618382812823256, 0.002129568734375198, 0.0004204359688060322, 0.002003955554670256, 1.4036937443506758e-05, 0.0001674299921887723, 0.001110277796868786, 0.00040884382812578224, 0.00030367084377758147, 0.0001011206406360543, 0.0018748068203251478, 0.0009619638125286656, 0.00027387792187028026, 0.002696867800779046, 0.0009178483593643705, 0.0023683198125183935], "mass_diff": [1.436289217415936, 1.7309191406411628, 10.331830228703703, 1.0667125008332068, 9.31695381180085, 0.03181600751063291, 0.7372798500110015, 5.55138898434393, 1.7923956956297118, 0.6898732487893933, 0.26185155425999984, 9.371052026277717, 2.345989875325073, 1.1700914481232492, 13.48433900389523, 4.589241796821852, 9.389620845983409], "formula": ["C11H13NO2", "C10H10NO2", "C10H17NO2", "C24H21NO3", "C8H16O5", "C26H28NO4", "C12H14NO2", "C6H12N2O4", "C12H15NO2", "C26H27NO4", "C26H23N2", "C7H13O5", "C28H7N2O", "C14H11O2", "C4H11N2O", "C9H5O3", "C14H31NO"], "ions": ["[M+Na]+", "[M+Na]+", "[M+Na]+", "[M+Na]+", "[M+Na]+", "[M+Na]+", "[M+Na]+", "[M+Na]+", "[M+Na]+", "[M+Na]+", "[M+Na]+", "[M+Na]+", "[M+Na]+", "[M+Na]+", "[M+Na]+", "[M+Na]+", "[M+Na]+"]}}