{"cand_form": "C12H16N2O", "cand_ion": "[M+H]+", "output_tbl": {"mz": [58.064918518066406, 132.08055114746094, 115.05387878417969, 59.062015533447266, 117.0567398071289], "ms2_inten": [0.6172519744804386, 0.22583179581272428, 0.18708286933869708, 0.161245154965971, 0.1414213562373095], "mono_mass": [58.065125676, 132.08077574, 115.054226644, 59.060374644, 117.057300644], "abs_mass_diff": [0.0002071579335947149, 0.0002245925390695902, 0.0003478598203088268, 0.0016408894472661473, 0.0005608368710880995], "mass_diff": [1.0357896679735745, 1.122962695347951, 1.739299101544134, 8.204447236330736, 2.8041843554404977], "formula": ["C3H7N", "C9H9N", "C9H6", "C2H6N2", "C8H6N"], "ions": ["[M+H]+", "[M+H]+", "[M+H]+", "[M+H]+", "[M+H]+"]}}