{"cand_form": "C21H18N2O5", "cand_ion": "[M+Na]+", "output_tbl": {"mz": [357.1204528808594, 401.1102600097656, 331.1165466308594, 357.0947570800781, 242.98220825195312], "ms2_inten": [1.0, 0.4949747468305833, 0.21447610589527216, 0.17320508075688773, 0.13784048752090222], "mono_mass": [357.12096313599994, 401.110792376, 331.117889136, 357.09715369199995, 242.98413532], "abs_mass_diff": [0.0005102551405684608, 0.000532366234381243, 0.0013425051405988597, 0.0023966119218243875, 0.001927068046882141], "mass_diff": [1.4288040252309195, 1.3272316553764587, 4.0544791683139065, 6.711417275966753, 7.930901857982645], "formula": ["C20H18N2O3", "C21H18N2O5", "C19H18NO3", "C20H16NO4", "C17O"], "ions": ["[M+Na]+", "[M+Na]+", "[M+Na]+", "[M+Na]+", "[M+Na]+"]}}