{"cand_form": "C18H19NO2", "cand_ion": "[M+H]+", "output_tbl": {"mz": [265.1217346191406, 250.0983428955078, 282.1483459472656, 234.1033935546875, 236.082763671875, 265.1476745605469, 233.0956268310547, 235.11016845703125, 237.09014892578125, 235.07485961914062, 178.0780029296875, 205.06503295898438, 205.099853515625, 218.07098388671875, 222.06643676757812, 236.06996154785156, 249.0917205810547], "ms2_inten": [1.0, 0.42778499272414877, 0.22803508501982758, 0.22360679774997896, 0.11832159566199232, 0.08944271909999159, 0.08366600265340755, 0.06324555320336758, 0.06324555320336758, 0.05477225575051661, 0.044721359549995794, 0.03162277660168379, 0.03162277660168379, 0.03162277660168379, 0.03162277660168379, 0.03162277660168379, 0.03162277660168379], "mono_mass": [265.122306204, 250.098831108, 282.1488553, 234.103916488, 236.083181044, 265.146115648, 233.096091456, 235.11174152, 237.091006076, 235.07535601200001, 178.07770174, 205.064791328, 205.101176836, 218.07261636, 222.06753098000002, 236.07060498, 249.091006076], "abs_mass_diff": [0.0005715848593581541, 0.00048821249220054597, 0.0005093527343547066, 0.0005229333125100766, 0.0004173721250140261, 0.0015589125468977727, 0.00046462494532306664, 0.0015730629687595865, 0.000857150218763536, 0.0004963928593895162, 0.00030118968749093256, 0.0002416309843624731, 0.0013233203750075972, 0.0016324732812620368, 0.0010942124218900062, 0.000643432148450529, 0.000714505054673964], "mass_diff": [2.1559336135879676, 1.9520820751880124, 1.8052657110026304, 2.233770747914926, 1.7679059602763725, 5.879412480164116, 1.9932804044402856, 6.690748337612116, 3.6152924220898717, 2.111637374552741, 1.5059484374546628, 1.178313927420295, 6.452078596471467, 7.48597200859174, 4.927410183265309, 2.7255994122746734, 2.8684416045914434], "formula": ["C18H16O2", "C17H13O2", "C18H19NO2", "C17H13O", "C16H11O2", "C18H18NO", "C17H12O", "C17H14O", "C16H12O2", "C16H10O2", "C14H9", "C15H8O", "C16H12", "C16H9O", "C15H9O2", "C15H9NO2", "C17H12O2"], "ions": ["[M+H]+", "[M+H]+", "[M+H]+", "[M+H]+", "[M+H]+", "[M+H]+", "[M+H]+", "[M+H]+", "[M+H]+", "[M+H]+", "[M+H]+", "[M+H]+", "[M+H]+", "[M+H]+", "[M+H]+", "[M+H]+", "[M+H]+"]}}