{"cand_form": "C11H14N2", "cand_ion": "[M+H]+", "output_tbl": {"mz": [130.064557809531, 46.065136478878784, 129.05680274156182, 130.0747900402139, 131.07061211768735, 132.08064702062208], "ms2_inten": [1.0, 0.2588435821108957, 0.03162277660168379, 0.03162277660168379, 0.03162277660168379, 0.03162277660168379], "mono_mass": [130.065125676, 46.065125676, 129.057300644, 130.07770174, 131.072950708, 132.08077574], "abs_mass_diff": [0.0005678664689980906, 1.0802878783522374e-05, 0.0004979024381839281, 0.002911699786096733, 0.0023385903126609264, 0.00012871937792624522], "mass_diff": [2.839332344990453, 0.05401439391761187, 2.4895121909196405, 14.558498930483665, 11.692951563304632, 0.6435968896312261], "formula": ["C9H7N", "C2H7N", "C9H6N", "C10H9", "C9H8N", "C9H9N"], "ions": ["[M+H]+", "[M+H]+", "[M+H]+", "[M+H]+", "[M+H]+", "[M+H]+"]}}