{"cand_form": "C15H19NO", "cand_ion": "[M+Na]+", "output_tbl": {"mz": [89.03364562988281], "ms2_inten": [0.5319774431308154], "mono_mass": [89.036170892], "abs_mass_diff": [0.0025252621171887313], "mass_diff": [12.626310585943656], "formula": ["C5H6"], "ions": ["[M+Na]+"]}}