{"cand_form": "C16H17NO3", "cand_ion": "[M+H]+", "output_tbl": {"mz": [107.0487289428711, 109.05284881591797, 115.05378723144531, 163.06503295898438, 145.05494689941406, 143.0487518310547, 211.1019287109375, 123.0436019897461, 161.0592498779297, 198.06690979003906, 239.0970458984375, 145.06446838378906, 125.04798126220703, 213.0900115966797, 242.08352661132812, 209.09535217285156, 224.07310485839844, 91.05392456054688, 95.04873657226562, 228.0671844482422, 221.0865020751953, 121.06429290771484, 194.0723876953125, 191.0851287841797, 166.07672119140625, 117.06954956054688, 131.0487060546875, 137.05950927734375, 105.04421997070312, 164.07054138183594], "ms2_inten": [1.0, 0.4171330722922842, 0.3255764119219941, 0.3, 0.2863564212655271, 0.282842712474619, 0.27386127875258304, 0.24083189157584592, 0.24083189157584592, 0.23664319132398465, 0.2345207879911715, 0.21447610589527216, 0.19493588689617927, 0.18708286933869708, 0.18708286933869708, 0.18439088914585774, 0.17029386365926402, 0.161245154965971, 0.161245154965971, 0.161245154965971, 0.15811388300841897, 0.14832396974191325, 0.14491376746189438, 0.13784048752090222, 0.1224744871391589, 0.11401754250991379, 0.11401754250991379, 0.11401754250991379, 0.10954451150103323, 0.10488088481701516], "mono_mass": [107.049141264, 109.052215264, 115.054226644, 163.062779948, 145.052215264, 143.049141264, 211.099165456, 123.044055884, 161.05970594800002, 198.06753098000002, 239.094080076, 145.064791328, 125.047129884, 213.091006076, 242.08116966400002, 209.096091456, 224.07060498, 91.054226644, 95.049141264, 228.06551960000002, 221.083515392, 121.064791328, 194.07261636, 191.085526772, 166.07770174, 117.069876708, 131.049141264, 137.05970594800002, 105.042044504, 164.07060498], "abs_mass_diff": [0.0004123211289055462, 0.0006335519179714311, 0.0004394125546838268, 0.002253010984361481, 0.00273163541405097, 0.00038943294532600703, 0.0027632549374914106, 0.00045389425390851557, 0.0004560700703279963, 0.0006211899609525062, 0.002965822437488441, 0.0003229442109500269, 0.0008513782070309617, 0.000994479320326036, 0.0023569473281099818, 0.0007392831484480666, 0.002499878398424471, 0.0003020834531213268, 0.0004046917343742962, 0.0016648482421715016, 0.0029866831953029305, 0.000498420285154566, 0.00022866468751203683, 0.0003979878203210774, 0.0009805485937590674, 0.00032714745312034665, 0.00043520931251350703, 0.0001966706562654963, 0.0021754667031217423, 6.359816407552898e-05], "mass_diff": [2.061605644527731, 3.1677595898571553, 2.197062773419134, 11.265054921807405, 13.658177070254851, 1.9471647266300354, 13.089671678344274, 2.269471269542578, 2.2803503516399815, 3.105949804762531, 12.404262153653915, 1.6147210547501345, 4.256891035154808, 4.666944794241739, 9.73609134459664, 3.535626883934407, 11.156530365410223, 1.510417265606634, 2.023458671871481, 7.299814947947165, 13.509115967139, 2.4921014257728302, 1.1433234375601842, 1.989939101605387, 4.902742968795337, 1.6357372656017333, 2.176046562567535, 0.9833532813274813, 10.877333515608711, 0.3179908203776449], "formula": ["C7H6O", "C6H6NO", "C9H6", "C9H8NO2", "C9H6NO", "C10H6O", "C14H12NO", "C7H6O2", "C10H8O2", "C13H9O2", "C15H12NO2", "C10H8O", "C6H6NO2", "C14H12O2", "C14H11NO3", "C15H12O", "C14H9NO2", "C7H6", "C6H6O", "C13H9NO3", "C15H10NO", "C8H8O", "C14H9O", "C15H10", "C13H9", "C9H8", "C9H6O", "C8H8O2", "C3H6NO3", "C9H9NO2"], "ions": ["[M+H]+", "[M+H]+", "[M+H]+", "[M+H]+", "[M+H]+", "[M+H]+", "[M+H]+", "[M+H]+", "[M+H]+", "[M+H]+", "[M+H]+", "[M+H]+", "[M+H]+", "[M+H]+", "[M+H]+", "[M+H]+", "[M+H]+", "[M+H]+", "[M+H]+", "[M+H]+", "[M+H]+", "[M+H]+", "[M+H]+", "[M+H]+", "[M+H]+", "[M+H]+", "[M+H]+", "[M+H]+", "[M+H]+", "[M+H]+"]}}