{"cand_form": "C20H19NO5", "cand_ion": "[M+H]+", "output_tbl": {"mz": [275.07012939453125, 247.0751495361328, 217.06463623046875, 265.08575439453125, 163.03868103027344, 135.04380798339844, 189.06971740722656, 237.09078979492188, 188.0702362060547, 235.07522583007812, 245.0595245361328, 161.05953979492188, 305.0807189941406, 293.0806579589844, 207.08030700683594, 219.08013916015625, 295.096435546875, 263.07025146484375, 176.07044982910156, 173.05946350097656, 159.04360961914062, 131.04891967773438, 336.1242980957031, 179.0853729248047, 323.0913391113281, 143.04910278320312, 187.0382843017578, 191.08522033691406, 149.05970764160156, 249.09092712402344, 277.0866394042969], "ms2_inten": [1.0, 0.7930952023559341, 0.35213633723318016, 0.2949576240750525, 0.2949576240750525, 0.29325756597230357, 0.2720294101747089, 0.25298221281347033, 0.25099800796022265, 0.216794833886788, 0.20493901531919198, 0.18439088914585774, 0.15165750888103102, 0.14832396974191325, 0.14491376746189438, 0.1414213562373095, 0.13784048752090222, 0.1341640786499874, 0.130384048104053, 0.1224744871391589, 0.1224744871391589, 0.1, 0.1, 0.1, 0.09486832980505137, 0.08944271909999159, 0.08944271909999159, 0.08366600265340755, 0.07745966692414834, 0.07745966692414834, 0.07745966692414834], "mono_mass": [275.07027063199996, 247.07535601200001, 217.064791328, 265.08592069599996, 163.03897050400002, 135.04405588400002, 189.069876708, 237.091006076, 188.07060498, 235.07535601200001, 245.05970594800002, 161.05970594800002, 305.080835316, 293.080835316, 207.080441392, 219.080441392, 295.09648538, 263.07027063199996, 176.07060498, 173.05970594800002, 159.04405588400002, 131.049141264, 336.123034476, 179.085526772, 323.09139999999996, 143.049141264, 187.03897050400002, 191.085526772, 149.05970594800002, 249.091006076, 277.08592069599996], "abs_mass_diff": [0.00014123746871064213, 0.00020647586720201616, 0.0001550975312625269, 0.000166301468709662, 0.0002894737265819458, 0.0002479006015789764, 0.0001593007734470575, 0.00021628107813853603, 0.000368773945325529, 0.00013018192188951616, 0.0001814118672029963, 0.0001661530781404963, 0.0001163218593660531, 0.0001773570156160531, 0.00013438516407404677, 0.00030223184376154677, 4.9833124990072974e-05, 1.9167156210642133e-05, 0.00015515089845052898, 0.0002424470234529963, 0.0004462648593914764, 0.00022158626563850703, 0.0012636197031383745, 0.00015384719532107738, 6.0888671839620656e-05, 3.848079688850703e-05, 0.0006862022422069458, 0.0003064350859460774, 1.6936015470037091e-06, 7.895197657603603e-05, 0.000718708296915338], "mass_diff": [0.513459854843294, 0.8356804299811652, 0.7145223374748702, 0.6273497008147519, 1.447368632909729, 1.239503007894882, 0.7965038672352875, 0.9122289327460347, 1.843869726627645, 0.5537883519193848, 0.740276745196443, 0.8307653907024815, 0.3812822381878783, 0.6051474595804737, 0.6489519260255422, 1.3795492595547574, 0.1688706435837554, 0.07285945903770726, 0.7757544922526449, 1.2122351172649815, 2.231324296957382, 1.1079313281925351, 3.7593821996724253, 0.7692359766053869, 0.1884565275166356, 0.19240398444253515, 3.431011211034729, 1.532175429730387, 0.008468007735018546, 0.3169604669572148, 2.593803506587235], "formula": ["C18H10O3", "C17H10O2", "C16H8O", "C17H12O3", "C9H6O3", "C8H6O2", "C15H8", "C16H12O2", "C11H9NO2", "C16H10O2", "C17H8O2", "C10H8O2", "C19H12O4", "C18H12O4", "C15H10O", "C16H10O", "C18H14O4", "C17H10O3", "C10H9NO2", "C11H8O2", "C10H6O2", "C9H6O", "C20H17NO4", "C14H10", "C19H14O5", "C10H6O", "C11H6O3", "C15H10", "C9H8O2", "C17H12O2", "C18H12O3"], "ions": ["[M+H]+", "[M+H]+", "[M+H]+", "[M+H]+", "[M+H]+", "[M+H]+", "[M+H]+", "[M+H]+", "[M+H]+", "[M+H]+", "[M+H]+", "[M+H]+", "[M+H]+", "[M+H]+", "[M+H]+", "[M+H]+", "[M+H]+", "[M+H]+", "[M+H]+", "[M+H]+", "[M+H]+", "[M+H]+", "[M+H]+", "[M+H]+", "[M+H]+", "[M+H]+", "[M+H]+", "[M+H]+", "[M+H]+", "[M+H]+", "[M+H]+"]}}