{"cand_form": "C17H11NO4", "cand_ion": "[M+Na]+", "output_tbl": {"mz": [316.0574035644531, 65.9935302734375], "ms2_inten": [1.0, 0.27386127875258304], "mono_mass": [316.058028532, 65.995034352], "abs_mass_diff": [0.0006249675468552596, 0.0015040785625046738], "mass_diff": [1.9773861956940706, 7.520392812523369], "formula": ["C17H11NO4", "CHNO"], "ions": ["[M+Na]+", "[M+Na]+"]}}