{"cand_form": "C20H19NO5", "cand_ion": "[M+Na]+", "output_tbl": {"mz": [123.1017837524414, 262.0085144042969], "ms2_inten": [0.5495452665613635, 0.5366563145999496], "mono_mass": [123.101845148, 262.01107834], "abs_mass_diff": [6.139555858908352e-05, 0.0025639357031082], "mass_diff": [0.3069777929454176, 9.785696121126328], "formula": ["C6H14N", "C13H5NO4"], "ions": ["[M+Na]+", "[M+Na]+"]}}