{"cand_form": "C21H21NO5", "cand_ion": "[M+Na]+", "output_tbl": {"mz": [360.083740234375, 332.0887756347656, 361.087158203125, 345.0599365234375, 375.1072692871094, 344.0521240234375, 358.1051330566406, 316.0581359863281, 317.0665588378906, 374.0994567871094, 262.9952392578125], "ms2_inten": [1.0, 0.324037034920393, 0.2588435821108957, 0.12649110640673517, 0.11401754250991379, 0.11401754250991379, 0.08366600265340755, 0.07071067811865475, 0.05477225575051661, 0.05477225575051661, 0.044721359549995794], "mono_mass": [360.08424327999995, 332.08932866, 361.092068312, 345.060768184, 375.107718376, 344.05294315199995, 358.104978724, 316.058028532, 317.06585356399995, 374.09989334399995, 262.99509392799996], "abs_mass_diff": [0.000503045624952847, 0.0005530252343532993, 0.004910108874980779, 0.0008316605624827389, 0.0004490888906047985, 0.0008191285624548073, 0.00015433264064768082, 0.00010745432814474043, 0.0007052738906736522, 0.00043655689057686686, 0.00014532981253978505], "mass_diff": [1.3970239939893412, 1.665293364089853, 13.598126555967573, 2.410191605730647, 1.1972279061887845, 2.380826930744385, 0.4309701995343094, 0.3399827940179608, 2.2243717321013463, 1.166954088429218, 0.5525948414500356], "formula": ["C19H15NO5", "C18H15NO4", "C19H16NO5", "C18H12NO5", "C20H18NO5", "C18H11NO5", "C20H17NO4", "C17H11NO4", "C17H12NO4", "C20H17NO5", "C13H4O5"], "ions": ["[M+Na]+", "[M+Na]+", "[M+Na]+", "[M+Na]+", "[M+Na]+", "[M+Na]+", "[M+Na]+", "[M+Na]+", "[M+Na]+", "[M+Na]+", "[M+Na]+"]}}