{"cand_form": "C26H30N2O8", "cand_ion": "[M+Na]+", "output_tbl": {"mz": [289.09466552734375, 193.07350158691406, 175.03643798828125, 521.1888427734375, 290.09796142578125, 359.1365661621094, 119.01021575927734, 234.10006713867188, 211.08401489257812, 330.12115478515625, 287.0787658691406, 185.04196166992188, 265.0971374511719, 289.05633544921875, 341.1260986328125, 243.08944702148438, 255.08363342285156, 203.0524444580078, 289.13226318359375, 194.0767364501953, 319.1438903808594, 289.0653076171875, 307.1065673828125, 400.1624450683594, 289.1429138183594, 249.13778686523438, 140.99081420898438], "ms2_inten": [1.0, 0.4919349550499537, 0.4074309757492673, 0.36055512754639896, 0.2, 0.18708286933869708, 0.15811388300841897, 0.14491376746189438, 0.130384048104053, 0.12649110640673517, 0.11401754250991379, 0.10954451150103323, 0.1, 0.08944271909999159, 0.08366600265340755, 0.08366600265340755, 0.07745966692414834, 0.07745966692414834, 0.07071067811865475, 0.07071067811865475, 0.07071067811865475, 0.06324555320336758, 0.06324555320336758, 0.06324555320336758, 0.05477225575051661, 0.044721359549995794, 0.044721359549995794], "mono_mass": [289.09474838799997, 193.07361902, 175.036564816, 521.18943662, 290.09721326799996, 359.1366132, 119.01035006800001, 234.1015108, 211.084183704, 330.122640168, 287.079098324, 185.04204411999999, 265.09877114799997, 289.05568280399996, 341.12604851599997, 243.089269084, 255.083908932, 203.05260880400002, 289.131133896, 194.078763976, 319.14572133999997, 289.064236108, 307.105313072, 400.16048222, 289.14370995999997, 249.136219276, 140.99067724399998], "abs_mass_diff": [8.286065622087335e-05, 0.00011743308593281654, 0.00012682771875915932, 0.0005938465625376921, 0.0007481577812882279, 4.7037890624324064e-05, 0.0001343087226644002, 0.00144366132812479, 0.0001688114218723058, 0.001485382843725347, 0.0003324548593468535, 8.245007811069627e-05, 0.001633696828093889, 0.0006526452187927134, 5.011681253108691e-05, 0.0001779374843806636, 0.000275509148451647, 0.00016434599220360724, 0.0011292875937556346, 0.0020275258046922318, 0.0018309591405909487, 0.0010715091875113103, 0.0012543108124987157, 0.001962848359369218, 0.0007961416405919408, 0.001567589234383604, 0.0001369649843923071], "mass_diff": [0.28662118711089135, 0.5871654296640827, 0.6341385937957966, 1.139407665324561, 2.5789832428024035, 0.13097494116790045, 0.671543613322001, 6.166855677446776, 0.7997356974577867, 4.499508202350855, 1.1580614760563541, 0.41225039055348134, 6.162634737596134, 2.257847826716705, 0.14691579662754725, 0.7319835828370509, 1.080073796796426, 0.8093770682854042, 3.9057820158885463, 10.137629023461159, 5.737096011475957, 3.7068065910224073, 4.084285214699431, 4.905128863439213, 2.753453750874489, 6.2920573153824995, 0.6848249219615354], "formula": ["C16H14N2O2", "C11H10N2", "C8H8O3", "C26H30N2O8", "C10H19O8", "C20H20N2O3", "C5H4O2", "C15H15O", "C11H12N2O", "C20H19O3", "C16H12N2O2", "C6H10O5", "C19H14", "C12H12NO6", "C20H18N2O2", "C15H12N2", "C10H16O6", "C6H12O6", "C17H18N2O", "C8H13NO3", "C23H20", "C8H14N2O8", "C16H16N2O3", "C19H25N2O6", "C18H20NO", "C15H18N2", "C2H2N2O4"], "ions": ["[M+Na]+", "[M+Na]+", "[M+Na]+", "[M+Na]+", "[M+Na]+", "[M+Na]+", "[M+Na]+", "[M+Na]+", "[M+Na]+", "[M+Na]+", "[M+Na]+", "[M+Na]+", "[M+Na]+", "[M+Na]+", "[M+Na]+", "[M+Na]+", "[M+Na]+", "[M+Na]+", "[M+Na]+", "[M+Na]+", "[M+Na]+", "[M+Na]+", "[M+Na]+", "[M+Na]+", "[M+Na]+", "[M+Na]+", "[M+Na]+"]}}