{"cand_form": "C20H18NO4+", "cand_ion": "[M+H]+", "output_tbl": {"mz": [144.08033752441406, 93.06951141357422, 292.0950622558594, 133.06434631347656, 320.09124755859375, 337.1260681152344, 91.05388641357422, 319.0792541503906, 165.0905303955078, 306.0754699707031, 168.08030700683594, 278.08056640625, 248.14285278320312, 144.09060668945312, 219.1036376953125, 304.0955810546875, 170.09596252441406, 321.11114501953125, 95.04875183105469, 145.0836181640625, 136.11160278320312, 156.08035278320312, 144.0934295654297, 143.07249450683594, 275.0931396484375, 234.12725830078125, 293.1151123046875, 196.07518005371094, 130.0647735595703, 117.06946563720703, 77.03827667236328, 321.1391906738281, 105.06953430175781, 220.11122131347656, 249.13815307617188, 105.04436492919922, 291.0874938964844, 233.11968994140625, 218.0956573486328], "ms2_inten": [1.0, 0.5, 0.28809720581775866, 0.22583179581272428, 0.20976176963403032, 0.19748417658131498, 0.1816590212458495, 0.17888543819998318, 0.17606816861659008, 0.161245154965971, 0.15491933384829668, 0.15165750888103102, 0.1341640786499874, 0.12649110640673517, 0.1224744871391589, 0.11401754250991379, 0.11401754250991379, 0.11401754250991379, 0.11401754250991379, 0.10954451150103323, 0.1, 0.09486832980505137, 0.09486832980505137, 0.08944271909999159, 0.08944271909999159, 0.08944271909999159, 0.08366600265340755, 0.07745966692414834, 0.07745966692414834, 0.07745966692414834, 0.07745966692414834, 0.07071067811865475, 0.07071067811865475, 0.07071067811865475, 0.07071067811865475, 0.07071067811865475, 0.07071067811865475, 0.06324555320336758, 0.06324555320336758], "mono_mass": [144.08077574, 93.069876708, 292.09681972799996, 133.064791328, 320.091734348, 337.130859508, 91.054226644, 319.08390931599996, 165.091006076, 306.076084284, 168.08077574, 278.081169664, 248.143375996, 144.093351804, 219.104250836, 304.09681972799996, 170.096425804, 321.112135444, 95.049141264, 145.08592069600002, 136.112075868, 156.08077574, 144.093351804, 143.072950708, 275.094080076, 234.127725932, 293.11722082399996, 196.07569036, 130.065125676, 117.069876708, 77.03857658, 321.135944888, 105.069876708, 220.112075868, 249.135944888, 105.042044504, 291.088994696, 233.1199009, 218.096425804], "abs_mass_diff": [0.0004382155859445902, 0.00036529442577659665, 0.0017574721405821947, 0.0004450145234500269, 0.0004867894062385858, 0.004791392765639557, 0.0003402304257775768, 0.004655165609335654, 0.00047568049220103603, 0.0006143132968645659, 0.0004687331640695902, 0.0006032577500150182, 0.0005232127968781697, 0.0027451145468830873, 0.00061314068750562, 0.0012386733124571947, 0.00046327958594361007, 0.0009904244687390928, 0.0003894329453117962, 0.0023025319375165054, 0.00047308479688012994, 0.0004229567968820902, 7.776142967941269e-05, 0.00045620116407008027, 0.0009404275625115588, 0.0004676312187541498, 0.0021085193124577017, 0.0005103062890725596, 0.00035211642969557033, 0.00041107079296409665, 0.0002999076367160569, 0.003245785828141834, 0.00034240624218284665, 0.0008545545234426299, 0.002208188171863412, 0.0023204251992154923, 0.0015007995156111065, 0.00021095859375463988, 0.0007684553671936101], "mass_diff": [2.191077929722951, 1.8264721288829833, 6.016781410165519, 2.2250726172501345, 1.5207832452509575, 14.212465955026037, 1.701152128887884, 14.58937097534254, 2.37840246100518, 2.0070647834776394, 2.343665820347951, 2.169363209415053, 2.1085144746654825, 13.725572734415437, 2.7984048733972138, 4.073302572043741, 2.3163979297180504, 3.084366531964661, 1.9471647265589807, 11.512659687582527, 2.3654239844006497, 2.114783984410451, 0.38880714839706343, 2.2810058203504013, 3.4185787537755497, 1.997337781803211, 7.193485507720723, 2.551531445362798, 1.7605821484778517, 2.0553539648204833, 1.4995381835802846, 10.10709973245989, 1.7120312109142333, 3.8823760022011604, 8.863307946207168, 11.602125996077461, 5.155836465254725, 0.9049368322669935, 3.5234785347660993], "formula": ["C10H9N", "C7H8", "C18H13NO3", "C9H8O", "C19H13NO4", "C20H18NO4", "C7H6", "C19H12NO4", "C10H12O2", "C18H11NO4", "C12H9N", "C17H11NO3", "C18H17N", "C11H11", "C16H12N", "C19H13NO3", "C12H11N", "C20H16O4", "C6H6O", "C7H12O3", "C9H13N", "C11H9N", "C11H11", "C10H8N", "C18H12NO2", "C17H15N", "C19H16O3", "C13H9NO", "C9H7N", "C9H8", "C6H4", "C20H18NO3", "C8H8", "C16H13N", "C14H18NO3", "C3H6NO3", "C18H12NO3", "C17H14N", "C16H11N"], "ions": ["[M+H]+", "[M+H]+", "[M+H]+", "[M+H]+", "[M+H]+", "[M+H]+", "[M+H]+", "[M+H]+", "[M+H]+", "[M+H]+", "[M+H]+", "[M+H]+", "[M+H]+", "[M+H]+", "[M+H]+", "[M+H]+", "[M+H]+", "[M+H]+", "[M+H]+", "[M+H]+", "[M+H]+", "[M+H]+", "[M+H]+", "[M+H]+", "[M+H]+", "[M+H]+", "[M+H]+", "[M+H]+", "[M+H]+", "[M+H]+", "[M+H]+", "[M+H]+", "[M+H]+", "[M+H]+", "[M+H]+", "[M+H]+", "[M+H]+", "[M+H]+", "[M+H]+"]}}