{"cand_form": "C21H20O10", "cand_ion": "[M+Na]+", "output_tbl": {"mz": [264.0968239412608, 121.00668686136608], "ms2_inten": [0.46475800154489, 0.46151923036857306], "mono_mass": [264.096819344, 121.004870764], "abs_mass_diff": [4.597260840455419e-06, 0.001816097366074132], "mass_diff": [0.017407482497699103, 9.08048683037066], "formula": ["C12H17O5", "C8H2"], "ions": ["[M+Na]+", "[M+Na]+"]}}