{"cand_form": "C23H28O6", "cand_ion": "[M+Na]+", "output_tbl": {"mz": [393.130941849318, 208.08278598207897], "ms2_inten": [0.5366563145999496, 0.29832867780352595], "mono_mass": [393.130859124, 208.085860736], "abs_mass_diff": [8.272531800912475e-05, 0.0030747539210267405], "mass_diff": [0.2104268812319339, 14.776589550716377], "formula": ["C21H22O6", "C13H13O"], "ions": ["[M+Na]+", "[M+Na]+"]}}