{"cand_form": "C24H26O13", "cand_ion": "[M+Na]+", "output_tbl": {"mz": [383.07238323683004, 368.05117247052164], "ms2_inten": [1.0, 0.8354639429682169], "mono_mass": [383.073738172, 368.05026307599996], "abs_mass_diff": [0.0013549351699566614, 0.0009093945216704924], "mass_diff": [3.537021276522011, 2.470837181596884], "formula": ["C18H16O8", "C17H13O8"], "ions": ["[M+Na]+", "[M+Na]+"]}}