{"cand_form": "C21H24N2O4", "cand_ion": "[M+Na]+", "output_tbl": {"mz": [187.0861053466797, 241.1330108642578, 335.0998840332031, 160.0752410888672, 391.1625671386719, 263.1150817871094, 191.05491638183594, 336.1052551269531, 322.10675048828125, 176.03131103515625, 189.0391082763672, 321.0846252441406, 188.089111328125, 242.1371612548828, 224.12782287597656, 307.0837707519531, 192.10206604003906, 158.05995178222656, 159.09185791015625, 251.11495971679688, 148.99729919433594], "ms2_inten": [1.0, 0.8154753215150046, 0.726636084983398, 0.39115214431215894, 0.3646916505762094, 0.34058772731852804, 0.28982753492378877, 0.2449489742783178, 0.22135943621178655, 0.18439088914585774, 0.17606816861659008, 0.1673320053068151, 0.16431676725154984, 0.15491933384829668, 0.15165750888103102, 0.1341640786499874, 0.12649110640673517, 0.11832159566199232, 0.10954451150103323, 0.10488088481701516, 0.09486832980505137], "mono_mass": [187.084183704, 241.13113389600002, 335.100227692, 160.073284672, 391.162827948, 263.115483832, 191.05528888, 336.10805272399995, 322.10765879999997, 176.031813784, 189.039638816, 321.084577628, 188.08932866, 242.136278852, 224.12839424400002, 307.08418370399994, 192.09949942, 158.057634608, 159.089269084, 251.11548383200002, 148.995762624], "abs_mass_diff": [0.0019216426796901942, 0.0018769682577897129, 0.000343658796850832, 0.001956416867187727, 0.0002608093280969115, 0.00040204489062034554, 0.00037249816406870195, 0.0027975970468219202, 0.0009083117187174139, 0.0005027488437576721, 0.0005305396328196821, 4.7616140648187866e-05, 0.00021733187500672102, 0.0008824028828087194, 0.0005713680234578078, 0.0004129520468154624, 0.0025666200390617178, 0.0023171742265617468, 0.0025888261562556636, 0.0005241152031487673, 0.0015365703359293548], "mass_diff": [9.608213398450971, 7.783953972383831, 1.0255413780351557, 9.782084335938634, 0.6667543113972135, 1.5280191765884652, 1.8624908203435098, 8.32357424987365, 2.819908981542626, 2.5137442187883607, 2.6526981640984104, 0.14829779100130489, 1.086659375033605, 3.6442274214979684, 2.549295380315099, 1.3447537321958456, 12.833100195308589, 11.585871132808734, 12.944130781278318, 2.087152448981356, 7.682851679646774], "formula": ["C9H12N2O", "C13H18N2O", "C17H16N2O4", "C8H11NO", "C21H24N2O4", "C15H16N2O", "C8H10NO3", "C17H17N2O4", "C20H15N2O", "C7H7NO3", "C8H8NO3", "C16H14N2O4", "C6H15NO4", "C10H21NO4", "C13H17N2", "C19H12N2O", "C9H15NO2", "C8H9NO", "C8H12N2", "C14H16N2O", "C4H2N2O3"], "ions": ["[M+Na]+", "[M+Na]+", "[M+Na]+", "[M+Na]+", "[M+Na]+", "[M+Na]+", "[M+Na]+", "[M+Na]+", "[M+Na]+", "[M+Na]+", "[M+Na]+", "[M+Na]+", "[M+Na]+", "[M+Na]+", "[M+Na]+", "[M+Na]+", "[M+Na]+", "[M+Na]+", "[M+Na]+", "[M+Na]+", "[M+Na]+"]}}