{"cand_form": "C24H32O6", "cand_ion": "[M+Na]+", "output_tbl": {"mz": [409.16098349932855, 393.16873603204147, 378.1433645768722], "ms2_inten": [1.0, 0.5300943312279429, 0.48579831205964474], "mono_mass": [409.162159252, 393.16724463199995, 378.143769536], "abs_mass_diff": [0.0011757526714291089, 0.0014914000415160444, 0.0004049591277635045], "mass_diff": [2.8735698633177185, 3.7932823870169123, 1.0709142766967181], "formula": ["C22H26O6", "C22H26O5", "C21H23O5"], "ions": ["[M+Na]+", "[M+Na]+", "[M+Na]+"]}}