{"cand_form": "C16H12O5", "cand_ion": "[M+Na]+", "output_tbl": {"mz": [307.05725791933776, 225.0142157262084, 122.00987239177516, 111.0066484933582, 74.98647434677922], "ms2_inten": [1.0, 0.2683281572999748, 0.21213203435596426, 0.19748417658131498, 0.18708286933869708], "mono_mass": [307.05769418399996, 225.015829372, 122.012695796, 111.00526468800001, 74.98413532000001], "abs_mass_diff": [0.00043626466219848226, 0.0016136457916218205, 0.002823404224841397, 0.0013838053581878285, 0.00233902677921094], "mass_diff": [1.4207925425852874, 7.171305983552897, 14.117021124206985, 6.919026790939142, 11.695133896054699], "formula": ["C16H12O5", "C11H6O4", "C8H3", "C3H4O3", "C3O"], "ions": ["[M+Na]+", "[M+Na]+", "[M+Na]+", "[M+Na]+", "[M+Na]+"]}}