{"cand_form": "C37H38N2O6", "cand_ion": "[M+Na]+", "output_tbl": {"mz": [569.20361328125, 583.2190551757812, 387.1310729980469, 199.0598602294922, 599.2515869140625, 357.120361328125, 599.2129516601562, 212.06781005859375, 424.1515197753906, 359.13525390625, 584.2249755859375, 570.2069702148438, 333.1236572265625, 228.0626678466797, 393.13092041015625, 461.1835632324219, 422.13641357421875, 613.2284545898438, 214.0831298828125, 373.114501953125, 394.1421813964844, 425.1569519042969, 123.07867431640625, 388.1348876953125, 330.13330078125, 312.14434814453125, 339.11090087890625, 200.0675048828125, 101.02932739257812], "ms2_inten": [1.0, 0.8185352771872451, 0.5873670062235365, 0.5079370039680118, 0.4722287581247038, 0.4427188724235731, 0.38340579025361626, 0.37682887362833545, 0.3687817782917155, 0.36055512754639896, 0.3535533905932738, 0.3420526275297414, 0.3255764119219941, 0.30166206257996714, 0.2863564212655271, 0.260768096208106, 0.2588435821108957, 0.2569046515733026, 0.25099800796022265, 0.22803508501982758, 0.216794833886788, 0.21213203435596426, 0.2073644135332772, 0.2024845673131659, 0.2024845673131659, 0.2024845673131659, 0.19748417658131498, 0.19493588689617927, 0.19493588689617927], "mono_mass": [569.2046927600001, 583.220342824, 387.13152782, 199.06037426, 599.251642952, 357.12096313599994, 599.215257444, 212.068199292, 424.151928916, 359.13393312399995, 584.228167856, 570.212517792, 333.12498589599994, 228.063113912, 393.130859124, 461.18356339199994, 422.136278852, 613.230907508, 214.083849356, 373.115877756, 394.14136423199994, 425.15975394799995, 123.078035704, 388.13079954799997, 330.13387354799994, 312.14443823199997, 339.11039845199997, 200.068199292, 101.032148132], "abs_mass_diff": [0.0010794787500572056, 0.001287648218749382, 0.00045482195309887175, 0.0005140305078157326, 5.603793749742181e-05, 0.0006018078749434608, 0.002305783843780773, 0.0003892334062527425, 0.0004091406093493788, 0.001320782250047614, 0.0031922700625273137, 0.00554757715622145, 0.0013286694374414765, 0.0004460653203182119, 6.128615626721512e-05, 1.5957806454025558e-07, 0.00013472221877464108, 0.0024529181562229496, 0.0007194731875017624, 0.0013758028749748519, 0.0008171644844310322, 0.002802043703070467, 0.0006386124062487397, 0.0040881473125296, 0.0005727667499400013, 9.008746872041229e-05, 0.0005024269062801068, 0.0006944091875027425, 0.0028207394218782156], "mass_diff": [1.8964720617889381, 2.2078294721719733, 1.1748526140684306, 2.570152539078663, 0.09351320667500894, 1.6851681956899538, 3.8480207034785505, 1.8354195582309185, 0.9646095564293607, 3.6776736220733035, 5.464110909201864, 9.729058826010533, 3.9885172026009186, 1.9558892497832632, 0.15589248539207967, 0.0003460185428591116, 0.31914379911922625, 4.000007073813262, 3.3607187446091458, 3.6873476312847693, 2.073273359211994, 6.590610104150923, 3.1930620312436986, 10.53280043132534, 1.7349559968187607, 0.2886083610224439, 1.4816005766193856, 3.470874432654546, 14.103697109391078], "formula": ["C34H30N2O5", "C35H32N2O5", "C21H20N2O4", "C10H10NO2", "C36H36N2O5", "C20H18N2O3", "C35H32N2O6", "C11H11NO2", "C25H23NO4", "C17H22NO6", "C35H33N2O5", "C34H31N2O5", "C23H18O", "C11H11NO3", "C21H22O6", "C28H26N2O3", "C25H21NO4", "C36H34N2O6", "C11H13NO2", "C20H18N2O4", "C24H21NO3", "C25H24NO4", "C6H12O", "C25H19NO2", "C19H19N2O2", "C16H21N2O3", "C20H16N2O2", "C10H11NO2", "CH6N2O2"], "ions": ["[M+Na]+", "[M+Na]+", "[M+Na]+", "[M+Na]+", "[M+Na]+", "[M+Na]+", "[M+Na]+", "[M+Na]+", "[M+Na]+", "[M+Na]+", "[M+Na]+", "[M+Na]+", "[M+Na]+", "[M+Na]+", "[M+Na]+", "[M+Na]+", "[M+Na]+", "[M+Na]+", "[M+Na]+", "[M+Na]+", "[M+Na]+", "[M+Na]+", "[M+Na]+", "[M+Na]+", "[M+Na]+", "[M+Na]+", "[M+Na]+", "[M+Na]+", "[M+Na]+"]}}