{"cand_form": "C17H21NO4", "cand_ion": "[M+Na]+", "output_tbl": {"mz": [265.0829772949219, 254.09075927734375, 177.0733642578125, 159.049072265625], "ms2_inten": [0.7713624310270756, 0.6928203230275509, 0.4939635614091388, 0.4438468204234429], "mono_mass": [265.083515008, 254.09134004, 177.076024324, 159.0502035], "abs_mass_diff": [0.0005377130781312189, 0.0005807626562557289, 0.0026600661875022524, 0.0011312343750091713], "mass_diff": [2.028470796647868, 2.2856504420210655, 13.300330937511262, 5.656171875045857], "formula": ["C15H14O3", "C14H15O3", "C8H12NO2", "C4H10NO4"], "ions": ["[M+Na]+", "[M+Na]+", "[M+Na]+", "[M+Na]+"]}}