{"cand_form": "C19H21NO4", "cand_ion": "[M+Na]+", "output_tbl": {"mz": [318.10955810546875, 276.0753173828125, 334.10418701171875, 86.02369689941406, 236.10650634765625], "ms2_inten": [1.0, 0.469041575982343, 0.43703546766824314, 0.3391164991562634, 0.30983866769659335], "mono_mass": [318.11006410399995, 276.075689976, 334.104978724, 86.0212491, 236.1045848], "abs_mass_diff": [0.0005059985311959281, 0.0003725931874782873, 0.0007917122812273192, 0.002447799414056817, 0.0019215476562521872], "mass_diff": [1.5906423378456458, 1.3496070239471674, 2.3696568675433864, 12.238997070284086, 8.138478206199004], "formula": ["C18H17NO3", "C16H13O3", "C18H17NO4", "CH5NO2", "C14H15NO"], "ions": ["[M+Na]+", "[M+Na]+", "[M+Na]+", "[M+Na]+", "[M+Na]+"]}}