{"cand_form": "C15H10O4", "cand_ion": "[M+Na]+", "output_tbl": {"mz": [277.0460163358277, 163.9851885934954], "ms2_inten": [1.0, 0.372827037646145], "mono_mass": [277.0471295, 163.986874972], "abs_mass_diff": [0.0011131641722954555, 0.0016863785046155044], "mass_diff": [4.017975739258088, 8.431892523077522], "formula": ["C15H10O4", "C9HO2"], "ions": ["[M+Na]+", "[M+Na]+"]}}