{"cand_form": "C15H19NO", "cand_ion": "[M+H]+", "output_tbl": {"mz": [173.08309936523438, 230.1536407470703, 158.05978393554688, 132.0567169189453, 186.0911102294922, 160.0753936767578, 159.06761169433594, 172.07566833496094, 144.08053588867188, 174.09072875976562, 173.09674072265625, 187.09893798828125, 131.0489044189453, 130.06491088867188, 145.08839416503906, 132.08047485351562, 104.06177520751953, 145.05203247070312, 131.07266235351562, 146.09616088867188, 145.06451416015625, 146.05975341796875, 104.04936218261719, 132.0445556640625, 77.03884887695312, 103.05400848388672, 117.05714416503906, 82.0285873413086, 134.05982971191406, 143.0729522705078, 146.07225036621094, 156.08047485351562, 173.12075805664062, 200.10696411132812], "ms2_inten": [1.0, 0.6833739825307955, 0.22360679774997896, 0.22360679774997896, 0.2024845673131659, 0.18708286933869708, 0.14832396974191325, 0.13784048752090222, 0.1341640786499874, 0.1341640786499874, 0.11401754250991379, 0.10954451150103323, 0.10954451150103323, 0.08944271909999159, 0.05477225575051661, 0.05477225575051661, 0.05477225575051661, 0.044721359549995794, 0.044721359549995794, 0.044721359549995794, 0.044721359549995794, 0.044721359549995794, 0.03162277660168379, 0.03162277660168379, 0.03162277660168379, 0.03162277660168379, 0.03162277660168379, 0.03162277660168379, 0.03162277660168379, 0.03162277660168379, 0.03162277660168379, 0.03162277660168379, 0.03162277660168379, 0.03162277660168379], "mono_mass": [173.083515392, 230.15394068, 158.060040296, 132.056966296, 186.091340424, 160.07569036, 159.067865328, 172.07569036, 144.08077574, 174.091340424, 173.096091456, 187.099165456, 131.049141264, 130.065125676, 145.088600772, 132.08077574, 104.062051676, 145.052215264, 131.072950708, 146.096425804, 145.064791328, 146.060040296, 104.049475612, 132.044390232, 77.03857658, 103.054226644, 117.057300644, 82.028740168, 134.060040296, 143.072950708, 146.07261636, 156.08077574, 173.1199009, 200.106990488], "abs_mass_diff": [0.00041602676563456953, 0.00029993292969265894, 0.0002563604531360397, 0.00024937705470051696, 0.00023019450782157946, 0.0002966832421975596, 0.00025363366407304966, 2.2025039072559593e-05, 0.0002398513281320902, 0.0006116642343840795, 0.0006492666562394334, 0.0002274677187585894, 0.00023684505470100703, 0.00021478732813307033, 0.00020660696094410014, 0.0003008864843820902, 0.0002764684804645867, 0.0001827932968865298, 0.00028835448438258027, 0.00026491532813111007, 0.0002771678437625269, 0.0002868780312610397, 0.00011342938280733961, 0.00016543206248798015, 0.0002722969531276931, 0.00021816011327757678, 0.00015647896093184954, 0.00015282669140503913, 0.00021058408594853972, 1.5625078049197327e-06, 0.00036599378907453683, 0.0003008864843820902, 0.0008571566406203601, 2.6376671883099334e-05], "mass_diff": [2.0801338281728476, 1.3031856837853515, 1.2818022656801986, 1.2468852735025848, 1.1509725391078973, 1.483416210987798, 1.2681683203652483, 0.11012519536279797, 1.199256640660451, 3.0583211719203973, 3.246333281197167, 1.137338593792947, 1.1842252735050351, 1.0739366406653517, 1.0330348047205007, 1.504432421910451, 1.3823424023229336, 0.9139664844326489, 1.4417724219129013, 1.3245766406555504, 1.3858392188126345, 1.4343901563051986, 0.567146914036698, 0.8271603124399007, 1.3614847656384654, 1.090800566387884, 0.7823948046592477, 0.7641334570251956, 1.0529204297426986, 0.007812539024598664, 1.8299689453726842, 1.504432421910451, 4.285783203101801, 0.13181286318663482], "formula": ["C11H10NO", "C15H19NO", "C10H7NO", "C9H7O", "C12H11NO", "C10H9NO", "C10H8NO", "C11H9NO", "C10H9N", "C11H11NO", "C12H12O", "C12H12NO", "C9H6O", "C9H7N", "C10H10N", "C9H9N", "C8H7", "C9H6NO", "C9H8N", "C10H11N", "C10H8O", "C9H7NO", "C7H5N", "C8H5NO", "C6H4", "C8H6", "C8H6N", "C4H3NO", "C8H7NO", "C10H8N", "C10H9O", "C11H9N", "C12H14N", "C13H13NO"], "ions": ["[M+H]+", "[M+H]+", "[M+H]+", "[M+H]+", "[M+H]+", "[M+H]+", "[M+H]+", "[M+H]+", "[M+H]+", "[M+H]+", "[M+H]+", "[M+H]+", "[M+H]+", "[M+H]+", "[M+H]+", "[M+H]+", "[M+H]+", "[M+H]+", "[M+H]+", "[M+H]+", "[M+H]+", "[M+H]+", "[M+H]+", "[M+H]+", "[M+H]+", "[M+H]+", "[M+H]+", "[M+H]+", "[M+H]+", "[M+H]+", "[M+H]+", "[M+H]+", "[M+H]+", "[M+H]+"]}}