{"cand_form": "C16H23NO2", "cand_ion": "[M+Na]+", "output_tbl": {"mz": [201.0540008544922, 143.0486297607422, 115.05374908447266, 135.04354858398438, 159.04319763183594, 187.1356201171875], "ms2_inten": [1.0, 0.7596051605933177, 0.7071067811865476, 0.6913754406977441, 0.4722287581247038, 0.41352146256270667], "mono_mass": [201.054894956, 143.046735576, 115.051820956, 135.041650196, 159.041650196, 187.133145276], "abs_mass_diff": [0.0008941015078107739, 0.0018941847421842795, 0.0019281284726559988, 0.00189838798436881, 0.00154743583593131, 0.0024748411875066267], "mass_diff": [4.447071453494018, 9.470923710921397, 9.640642363279994, 9.49193992184405, 7.73717917965655, 12.374205937533134], "formula": ["C13H8N", "C8H8O", "C7H8", "C6H8O2", "C8H8O2", "C11H18N"], "ions": ["[M+Na]+", "[M+Na]+", "[M+Na]+", "[M+Na]+", "[M+Na]+", "[M+Na]+"]}}