{"cand_form": "C13H11NO3", "cand_ion": "[M+Na]+", "output_tbl": {"mz": [61.00232696533203], "ms2_inten": [0.6928203230275509], "mono_mass": [61.004870764], "abs_mass_diff": [0.0025437986679719415], "mass_diff": [12.718993339859708], "formula": ["C3H2"], "ions": ["[M+Na]+"]}}