{"cand_form": "C18H16O7", "cand_ion": "[M+Na]+", "output_tbl": {"mz": [334.0445374898316, 352.05570959831766], "ms2_inten": [0.5779273310719956, 0.5594640292279746], "mono_mass": [334.04478377199996, 352.055348456], "abs_mass_diff": [0.00024628216834798877, 0.00036114231767214733], "mass_diff": [0.7372734492192846, 1.025810142616909], "formula": ["C17H11O6", "C17H13O7"], "ions": ["[M+Na]+", "[M+Na]+"]}}