{"cand_form": "C18H19NO5", "cand_ion": "[M+H]+", "output_tbl": {"mz": [177.0543975830078, 312.1234436035156, 313.1271057128906, 188.0699462890625, 145.06472778320312, 236.0816192626953], "ms2_inten": [1.0, 0.4658325879540846, 0.1341640786499874, 0.12649110640673517, 0.11832159566199232, 0.10488088481701516], "mono_mass": [177.05462056800002, 312.123034476, 313.130859508, 188.07060498, 145.064791328, 236.083181044], "abs_mass_diff": [0.00022298499220596568, 0.00040912751563837446, 0.003753795109389557, 0.000658690937513029, 6.35447968875269e-05, 0.001561781304701526], "mass_diff": [1.1149249610298284, 1.3107875234071853, 11.988087396149758, 3.293454687565145, 0.3177239844376345, 6.615429484002664], "formula": ["C10H8O3", "C18H17NO4", "C18H18NO4", "C11H9NO2", "C10H8O", "C16H11O2"], "ions": ["[M+H]+", "[M+H]+", "[M+H]+", "[M+H]+", "[M+H]+", "[M+H]+"]}}