{"cand_form": "C41H28O27", "cand_ion": "[M+Na]+", "output_tbl": {"mz": [805.0453760842155, 975.0643179619153, 787.0312554092609, 503.04239114558334, 806.0519546432524, 469.0386053285434, 759.041568620643, 783.063202102519, 761.0553428635891, 324.9939554727187, 485.0346831690297, 149.02026780917083, 303.01147357590577, 846.0759819005267, 788.0398586250758, 786.9482802794362, 247.10814593712502, 377.00878565991826, 787.1261002084927], "ms2_inten": [1.0, 0.44944410108488464, 0.408656334834051, 0.21908902300206645, 0.18973665961010275, 0.17888543819998318, 0.16431676725154984, 0.1414213562373095, 0.1341640786499874, 0.130384048104053, 0.1224744871391589, 0.09486832980505137, 0.08944271909999159, 0.07745966692414834, 0.07745966692414834, 0.07745966692414834, 0.06324555320336758, 0.06324555320336758, 0.06324555320336758], "mono_mass": [805.043619816, 975.071016336, 787.0330551320001, 503.04322589199995, 806.0514448480001, 469.03774658799995, 759.0440137400001, 783.065143108, 761.053790576, 324.99548785199994, 485.036170892, 149.020914752, 303.011137916, 846.0733620640001, 788.0408801640001, 786.950901204, 247.109335832, 377.01153184, 787.126955516], "abs_mass_diff": [0.001756268215444834, 0.006698374084635361, 0.0017997227391788329, 0.0008347464166149621, 0.000509795252355616, 0.0008587405434354878, 0.0024451193570484975, 0.0019410054810578004, 0.0015522875891065269, 0.0015323792812296233, 0.0014877229702960904, 0.0006469428291779877, 0.0003356599057724452, 0.002619836526605468, 0.001021538924305787, 0.0026209245638710854, 0.0011898948749831106, 0.0027461800817150106, 0.0008553075072086358], "mass_diff": [2.18157667582344, 6.8696740935370695, 2.2867233376175973, 1.6593957712271243, 0.6324595448456475, 1.8308525858633178, 3.2213247049062863, 2.4787341249674544, 2.0396513915345547, 4.715100867032148, 3.0672506975704947, 3.2347141458899387, 1.1077465213156716, 3.0964553806628237, 1.2963036236366348, 3.330491506939218, 4.815279846281844, 7.284127548667286, 1.0866206913759857], "formula": ["C41H18O17", "C41H28O27", "C41H16O16", "C20H16O14", "C41H19O17", "C20H14O12", "C33H20O20", "C32H24O22", "C40H18O15", "C14H6O8", "C38H6", "C6H6O3", "C12H8O8", "C33H27O25", "C41H17O16", "C28H12O26", "C16H16O", "C14H10O11", "C40H28O16"], "ions": ["[M+Na]+", "[M+Na]+", "[M+Na]+", "[M+Na]+", "[M+Na]+", "[M+Na]+", "[M+Na]+", "[M+Na]+", "[M+Na]+", "[M+Na]+", "[M+Na]+", "[M+Na]+", "[M+Na]+", "[M+Na]+", "[M+Na]+", "[M+Na]+", "[M+Na]+", "[M+Na]+", "[M+Na]+"]}}