{"cand_form": "C23H30O6", "cand_ion": "[M+Na]+", "output_tbl": {"mz": [379.1521341304448, 364.12727221462603, 395.1433137616101, 363.1221026297473], "ms2_inten": [0.8191458966508958, 0.7509993342207435, 0.6387487769068525, 0.49598387070548977], "mono_mass": [379.151594568, 364.128119472, 395.146509188, 363.12029443999995], "abs_mass_diff": [0.0005395624447714908, 0.0008472573739481959, 0.0031954263898796853, 0.0018081897473507524], "mass_diff": [1.4230763754210018, 2.3268165792558393, 8.086753030085397, 4.979563993091462], "formula": ["C21H24O5", "C20H21O5", "C21H24O6", "C20H20O5"], "ions": ["[M+Na]+", "[M+Na]+", "[M+Na]+", "[M+Na]+"]}}