{"cand_form": "C33H40O15", "cand_ion": "[M+H]+", "output_tbl": {"mz": [369.13400773899644, 531.1837796790402, 313.06908459661406, 85.02771472244075, 129.0541211351431, 370.13749368966717, 369.1873223548151, 301.07093867678753, 532.1908753328404, 369.07689775856176, 369.17589682316896, 369.0883186944718, 531.0917699183846, 531.2560898364512, 367.11657911802695, 369.06167066658907, 147.0644478387565, 369.20255722226204, 447.1244083553121, 111.04368595804948, 677.2427497723821, 332.9687226192964, 369.2177930340287, 411.1428666880215, 423.10685844745376, 463.1253458135109, 475.12596657823923, 479.16618142040954, 515.1939323879791, 354.1075009060017], "ms2_inten": [1.0, 0.8167006795638168, 0.19493588689617927, 0.17029386365926402, 0.1673320053068151, 0.09486832980505137, 0.08944271909999159, 0.08366600265340755, 0.08366600265340755, 0.07745966692414834, 0.07745966692414834, 0.07071067811865475, 0.06324555320336758, 0.044721359549995794, 0.044721359549995794, 0.044721359549995794, 0.044721359549995794, 0.044721359549995794, 0.044721359549995794, 0.03162277660168379, 0.03162277660168379, 0.03162277660168379, 0.03162277660168379, 0.03162277660168379, 0.03162277660168379, 0.03162277660168379, 0.03162277660168379, 0.03162277660168379, 0.03162277660168379, 0.03162277660168379], "mono_mass": [369.133264812, 531.186088232, 313.070664556, 85.02840582, 129.05462056800002, 370.135216616, 369.18490646, 301.070664556, 532.193913264, 369.07574993599997, 369.17552354799994, 369.087496392, 531.0921878480001, 531.258859248, 367.117614748, 369.060493796, 147.06518525200002, 369.206035828, 447.12270012799996, 111.044055884, 677.243997032, 332.966593412, 369.221291968, 411.14382949599997, 423.10744398799994, 463.123487976, 475.123487976, 479.17004424399994, 515.1911736120001, 354.10978971599997], "abs_mass_diff": [0.0007429269964518426, 0.0023085529597892673, 0.001579959385935581, 0.000691097559254672, 0.0004994328569125628, 0.0022770736671873237, 0.0024158948151011828, 0.000274120787537413, 0.0030379311596107073, 0.00114782256179069, 0.0003732751690108671, 0.000822302471817693, 0.00041792961553710484, 0.002769411548797507, 0.0010356299730460705, 0.0011768705890631281, 0.0007374132435131742, 0.0034786057379392332, 0.001708227312121835, 0.00036992595052254273, 0.0012472596179122775, 0.0021292072963774444, 0.003498933971286533, 0.0009628079784533838, 0.0005855405461829832, 0.0018578375108972978, 0.002478602239250449, 0.003862823590395692, 0.0027587759790321797, 0.0022888099982765198], "mass_diff": [2.0126213810599207, 4.346053189320231, 5.046679674460161, 3.45548779627336, 2.497164284562814, 6.151967055508516, 6.54381845966893, 0.9104857105842863, 5.708348828248395, 3.1099821439963407, 1.0111038456816202, 2.2279287372906214, 0.7869254227029918, 5.212950217003778, 2.820983937947184, 3.1888182453016505, 3.687066217565871, 9.421943780971953, 3.8204743024549317, 1.8496297526127137, 1.8416728984274473, 6.3946165262251915, 9.476612550370929, 2.341784465845957, 1.383907007160231, 4.0115219944049505, 5.216726539070974, 8.061553048140803, 5.354830104937295, 6.463602133308346], "formula": ["C21H20O6", "C27H30O11", "C17H12O6", "C4H4O2", "C6H8O3", "C28H17O", "C26H24O2", "C16H12O6", "C27H31O11", "C23H12O5", "C15H28O10", "C9H20O15", "C28H18O11", "C29H38O9", "C21H18O6", "C19H12O8", "C6H10O4", "C23H28O4", "C29H18O5", "C6H6O2", "C33H40O15", "C17O8", "C27H28O", "C23H22O7", "C23H18O8", "C22H22O11", "C23H22O11", "C27H26O8", "C27H30O10", "C20H17O6"], "ions": ["[M+H]+", "[M+H]+", "[M+H]+", "[M+H]+", "[M+H]+", "[M+H]+", "[M+H]+", "[M+H]+", "[M+H]+", "[M+H]+", "[M+H]+", "[M+H]+", "[M+H]+", "[M+H]+", "[M+H]+", "[M+H]+", "[M+H]+", "[M+H]+", "[M+H]+", "[M+H]+", "[M+H]+", "[M+H]+", "[M+H]+", "[M+H]+", "[M+H]+", "[M+H]+", "[M+H]+", "[M+H]+", "[M+H]+", "[M+H]+"]}}