{"cand_form": "C24H32O7", "cand_ion": "[M+Na]+", "output_tbl": {"mz": [425.1591705524137, 409.1610055219533, 394.1373326012098], "ms2_inten": [0.8899438184514796, 0.7436396977031283, 0.47958315233127197], "mono_mass": [425.15707387199996, 409.162159252, 394.13868415599995], "abs_mass_diff": [0.002096680413728791, 0.0011537300466670786, 0.0013515547901761238], "mass_diff": [4.931518732159893, 2.819745848447368, 3.4291468439596766], "formula": ["C22H26O7", "C22H26O6", "C21H23O6"], "ions": ["[M+Na]+", "[M+Na]+", "[M+Na]+"]}}