{"cand_form": "C20H20O7", "cand_ion": "[M+Na]+", "output_tbl": {"mz": [365.06318246885934, 350.03930340904634], "ms2_inten": [1.0, 0.13784048752090222], "mono_mass": [365.06317348799996, 350.039698392], "abs_mass_diff": [8.980859377061279e-06, 0.0003949829536509242], "mass_diff": [0.024600835713766794, 1.1283960109741102], "formula": ["C18H14O7", "C17H11O7"], "ions": ["[M+Na]+", "[M+Na]+"]}}