{"cand_form": "C37H40N2O6", "cand_ion": "[M+Na]+", "output_tbl": {"mz": [403.16217041015625, 389.1464538574219, 409.1280212402344, 387.1311950683594, 424.152099609375, 229.0703887939453, 244.0937957763672, 537.1787719726562, 615.2457885742188, 362.1624755859375, 349.1542663574219, 381.1804504394531, 199.05975341796875, 577.27099609375, 364.1767578125, 569.202880859375, 373.1147155761719, 388.13800048828125, 228.0623016357422, 174.0909881591797, 402.1560363769531, 184.0731964111328, 552.1990966796875, 341.129150390625, 545.2432250976562, 242.0764923095703, 121.06304931640625, 84.02083587646484], "ms2_inten": [1.0, 0.9787747442593725, 0.9710818709048171, 0.8336666000266533, 0.8215838362577492, 0.8068457101577724, 0.7463243262818117, 0.7197221686178633, 0.692098258919931, 0.6819090848492928, 0.644980619863884, 0.6276941930590086, 0.5648008498577175, 0.552268050859363, 0.5366563145999496, 0.5079370039680118, 0.4669047011971501, 0.42544094772365293, 0.4207136793592526, 0.41952353926806063, 0.39496835316262996, 0.38600518131237566, 0.3619392214170772, 0.35777087639996635, 0.3563705936241092, 0.35496478698597694, 0.3478505426185217, 0.31937438845342625], "mono_mass": [403.162827948, 389.147177884, 409.12845381999995, 387.13152782, 424.151928916, 229.070938944, 244.09441404, 537.178478012, 615.246557572, 362.16411105599997, 349.15226326399994, 381.17847801199997, 199.06037426, 577.267293016, 364.17573835999997, 569.2046927600001, 373.115877756, 388.13935285199994, 228.063113912, 174.088934736, 402.155002916, 184.073284672, 552.201953108, 341.13007127599997, 545.241078268, 242.0760839, 121.06238564, 84.0181751], "abs_mass_diff": [0.0006575378437219115, 0.0007240265780978916, 0.0004325797655724273, 0.00033275164059887175, 0.0001706933750256212, 0.0005501500546927218, 0.0006182636328162516, 0.0002939606562222252, 0.0007689977812788129, 0.0016354700624674479, 0.0020030934219334995, 0.0019724274531540686, 0.0006208420312532326, 0.003703077749946715, 0.001019452500031548, 0.0018119006250572056, 0.0011621798280998519, 0.00135236371869496, 0.0008122762578182119, 0.002053423179688707, 0.0010334609531241767, 8.82608671872731e-05, 0.002856428312497883, 0.0009208853749669288, 0.0021468296562261457, 0.00040840957032628467, 0.0006636764062477596, 0.0026607764648503007], "mass_diff": [1.6309512448873034, 1.86055036843061, 1.0573212860392722, 0.8595319747872932, 0.4024343512217012, 2.4016637750049656, 2.5328936806844933, 0.5472305898141272, 1.2499033647363955, 4.515846264363651, 5.736986813396045, 5.174524167963251, 3.104210156266163, 6.414799591534177, 2.7993343291732615, 3.1832246216351225, 3.1148056605196834, 3.484234259448118, 3.5616419372789094, 10.267115898443535, 2.569800922136308, 0.44130433593636553, 5.172823225668554, 2.6995212045421164, 3.937379792003167, 1.6871095843705701, 3.318382031238798, 13.303882324251504], "formula": ["C22H24N2O4", "C21H22N2O4", "C24H20NO4", "C21H20N2O4", "C25H23NO4", "C11H12NO3", "C12H15NO3", "C33H26N2O4", "C36H36N2O6", "C25H23O", "C19H22N2O3", "C20H26N2O4", "C10H10NO2", "C34H38N2O5", "C20H25N2O3", "C34H30N2O5", "C20H18N2O4", "C21H21N2O4", "C11H11NO3", "C9H13NO", "C22H23N2O4", "C10H11NO", "C34H29N2O4", "C25H18", "C33H34N2O4", "C9H15O6", "C6H10O", "C2H5O2"], "ions": ["[M+Na]+", "[M+Na]+", "[M+Na]+", "[M+Na]+", "[M+Na]+", "[M+Na]+", "[M+Na]+", "[M+Na]+", "[M+Na]+", "[M+Na]+", "[M+Na]+", "[M+Na]+", "[M+Na]+", "[M+Na]+", "[M+Na]+", "[M+Na]+", "[M+Na]+", "[M+Na]+", "[M+Na]+", "[M+Na]+", "[M+Na]+", "[M+Na]+", "[M+Na]+", "[M+Na]+", "[M+Na]+", "[M+Na]+", "[M+Na]+", "[M+Na]+"]}}