{"cand_form": "C21H18O12", "cand_ion": "[M+Na]+", "output_tbl": {"mz": [309.0368965154671, 485.07131010672924, 199.02114781538046, 323.01642693787846, 309.0777361414411, 181.0105425698677, 327.0465843310613, 287.0541618226766, 238.0635622427503, 307.0225200233652, 369.04261603466244], "ms2_inten": [1.0, 0.7854934754662193, 0.1414213562373095, 0.10488088481701516, 0.07745966692414834, 0.07745966692414834, 0.05477225575051661, 0.05477225575051661, 0.044721359549995794, 0.044721359549995794, 0.044721359549995794], "mono_mass": [309.03695874, 485.06904671599995, 199.02130867600002, 323.01622329599996, 309.079217476, 181.010743992, 327.04752342399996, 287.052608804, 238.060039912, 307.021308676, 369.042831968], "abs_mass_diff": [6.222453288273755e-05, 0.0022633907292970434, 0.00016086061955888908, 0.00020364187849963855, 0.0014813345588891025, 0.00020142213227813954, 0.0009390929386654534, 0.0015530186765886356, 0.0035223307502860735, 0.0012113473651993445, 0.0002159333375288952], "mass_diff": [0.20134985040410294, 4.6660989469755165, 0.8043030977944454, 0.6304381496325645, 4.792757244123238, 1.0071106613906977, 2.8714347853112954, 5.41019390461926, 14.79575755778366, 3.945467469640852, 0.5851176209649825], "formula": ["C15H10O6", "C21H18O12", "C6H8O6", "C15H8O7", "C9H18O10", "C6H6O5", "C15H12O7", "C13H12O6", "C13H11O3", "C15H8O6", "C13H14O11"], "ions": ["[M+Na]+", "[M+Na]+", "[M+Na]+", "[M+Na]+", "[M+Na]+", "[M+Na]+", "[M+Na]+", "[M+Na]+", "[M+Na]+", "[M+Na]+", "[M+Na]+"]}}