{"cand_form": "C27H30O16", "cand_ion": "[M+Na]+", "output_tbl": {"mz": [324.0224236209131, 331.1008673449524, 325.0331373353097, 185.04107086734518, 487.08511763088137, 243.0837332620963, 169.04674162747432, 85.02812794886823, 633.1441874244202, 365.0519412787422], "ms2_inten": [1.0, 0.5338539126015656, 0.3209361307176242, 0.2683281572999748, 0.25298221281347033, 0.18973665961010275, 0.18708286933869708, 0.17320508075688773, 0.16431676725154984, 0.15491933384829668], "mono_mass": [324.024048328, 331.09995291999996, 325.03187335999996, 185.04204411999999, 487.08469678, 243.083908932, 169.0471295, 85.026000132, 633.14260558, 365.047917348], "abs_mass_diff": [0.0016247070868757874, 0.0009144249524410952, 0.0012639753097118955, 0.0009732526548020815, 0.00042085088136900595, 0.00017566990371165048, 0.00038787252569250086, 0.0021278168682385967, 0.0015818444202295723, 0.004023930742221182], "mass_diff": [5.014181020930199, 2.7617715404182723, 3.888758297305414, 4.866263274010407, 0.8640191747511603, 0.7226723950394521, 1.939362628462504, 10.639084341192984, 2.498395233895123, 11.022899174637274], "formula": ["C15H9O7", "C12H20O9", "C15H10O7", "C6H10O5", "C21H20O12", "C9H16O6", "C6H10O4", "C2H6O2", "C27H30O16", "C14H14O10"], "ions": ["[M+Na]+", "[M+Na]+", "[M+Na]+", "[M+Na]+", "[M+Na]+", "[M+Na]+", "[M+Na]+", "[M+Na]+", "[M+Na]+", "[M+Na]+"]}}