{"cand_form": "C21H22O9", "cand_ion": "[M+H]+", "output_tbl": {"mz": [257.080391244002, 137.02321738977378, 147.04342996560018, 257.0471981437518, 257.1135907739323, 257.10473693957, 257.1224450689938, 257.0560490061797, 239.07064661637853, 85.02816213724924, 155.0338022294357, 145.04970325387657, 163.03890498389111, 211.07614378814498, 256.07418657989786, 257.1312998209152, 257.14015503068833, 242.0574629417917], "ms2_inten": [1.0, 0.09486832980505137, 0.08366600265340755, 0.07745966692414834, 0.07071067811865475, 0.06324555320336758, 0.05477225575051661, 0.05477225575051661, 0.05477225575051661, 0.03162277660168379, 0.03162277660168379, 0.03162277660168379, 0.03162277660168379, 0.03162277660168379, 0.03162277660168379, 0.03162277660168379, 0.03162277660168379, 0.03162277660168379], "mono_mass": [257.080835316, 137.02332044000002, 147.04405588400002, 257.04444980799997, 257.11722082399996, 257.101964684, 257.123094052, 257.059705948, 239.07027063200002, 85.02840582, 155.03388512400002, 145.04953518800002, 163.03897050400002, 211.07535601200001, 256.07301028399996, 257.132476964, 257.13835019199996, 242.05736022], "abs_mass_diff": [0.0004440719980038921, 0.0001030502262437949, 0.0006259183998338358, 0.002748335751846298, 0.003630050067670254, 0.002772255569993831, 0.0006489830062150759, 0.003656941820281645, 0.00037598437850761, 0.00024368275076369628, 8.289456431498365e-05, 0.00016806587655082694, 6.552010890459314e-05, 0.0007877761449606169, 0.0011762958978920324, 0.001177143084760246, 0.0018048386883720013, 0.00010272179170556228], "mass_diff": [1.7273662757981851, 0.5152511312189745, 3.129591999169179, 10.691949850818101, 14.118468248774853, 10.782592351246423, 2.524023159630945, 14.226243009724822, 1.5726915195529139, 1.2184137538184814, 0.41447282157491827, 0.8403293827541347, 0.3276005445229657, 3.732189392996017, 4.593574673037243, 4.57798442111129, 7.018890877453983, 0.42436944706085805], "formula": ["C15H12O4", "C7H4O3", "C9H6O2", "C14H8O5", "C16H16O3", "C12H16O6", "C9H20O8", "C18H8O2", "C15H10O3", "C4H4O2", "C7H6O4", "C6H8O4", "C9H6O3", "C14H10O2", "C15H11O4", "C20H16", "C13H20O5", "C14H9O4"], "ions": ["[M+H]+", "[M+H]+", "[M+H]+", "[M+H]+", "[M+H]+", "[M+H]+", "[M+H]+", "[M+H]+", "[M+H]+", "[M+H]+", "[M+H]+", "[M+H]+", "[M+H]+", "[M+H]+", "[M+H]+", "[M+H]+", "[M+H]+", "[M+H]+"]}}