{"cand_form": "C17H23NO4", "cand_ion": "[M+H]+", "output_tbl": {"mz": [140.1065673828125, 122.09600830078125, 306.16986083984375, 91.05387878417969, 121.06441497802734, 158.11720275878906, 82.0647964477539, 109.06441497802734, 103.05387115478516, 79.05390930175781, 97.08824920654297, 58.064903259277344, 81.06954956054688, 94.06478881835938, 83.04879760742188, 107.07258605957031, 96.08043670654297, 156.1014862060547, 140.1192626953125, 93.06950378417969, 73.05189514160156, 276.15936279296875, 230.1538848876953, 70.06485748291016, 141.1146697998047, 81.05701446533203, 105.06961059570312, 72.04412841796875, 67.05403900146484, 80.04922485351562, 68.04927825927734, 83.0726089477539, 95.04879760742188, 120.0804443359375, 98.05976867675781, 112.07533264160156, 105.0445327758789, 58.066688537597656, 114.09121704101562, 70.06689453125, 98.095458984375, 84.08056640625], "ms2_inten": [1.0, 0.42544094772365293, 0.30331501776206204, 0.2966479394838265, 0.23664319132398465, 0.20976176963403032, 0.2024845673131659, 0.19748417658131498, 0.19748417658131498, 0.19235384061671346, 0.19235384061671346, 0.17320508075688773, 0.17320508075688773, 0.1414213562373095, 0.11832159566199232, 0.10488088481701516, 0.10488088481701516, 0.10488088481701516, 0.1, 0.09486832980505137, 0.08944271909999159, 0.08944271909999159, 0.07745966692414834, 0.06324555320336758, 0.05477225575051661, 0.05477225575051661, 0.05477225575051661, 0.05477225575051661, 0.05477225575051661, 0.044721359549995794, 0.044721359549995794, 0.044721359549995794, 0.044721359549995794, 0.044721359549995794, 0.044721359549995794, 0.044721359549995794, 0.03162277660168379, 0.03162277660168379, 0.03162277660168379, 0.03162277660168379, 0.03162277660168379, 0.03162277660168379], "mono_mass": [140.106990488, 122.09642580399999, 306.169984668, 91.054226644, 121.064791328, 158.117555172, 82.065125676, 109.064791328, 103.054226644, 79.054226644, 97.08860077199999, 58.065125676, 81.069876708, 94.065125676, 83.049141264, 107.072950708, 96.08077573999999, 156.101905108, 140.119566552, 93.069876708, 73.052215264, 276.15941998399995, 230.15394068, 70.065125676, 141.11481552, 81.057300644, 105.069876708, 72.044390232, 67.054226644, 80.049475612, 68.049475612, 83.072950708, 95.049141264, 120.08077573999999, 98.060040296, 112.07569036, 105.042044504, 58.065125676, 114.091340424, 70.065125676, 98.09642580399999, 84.08077573999999], "abs_mass_diff": [0.00042310518750809933, 0.0004175032187418992, 0.00012382815623368515, 0.0003478598203088268, 0.00037634997265456605, 0.0003524132109475886, 0.0003292282460876095, 0.00037634997265456605, 0.0003554892148400768, 0.0003173422421838268, 0.0003515654570236393, 0.0002224167226572149, 0.00032714745312034665, 0.0003368576406188595, 0.0003436565781242962, 0.0003646484296808694, 0.00033903345702412935, 0.0004189019453235687, 0.00030385668750909645, 0.00037292382030784665, 0.00032012239843481893, 5.719103120327418e-05, 5.5792304692658945e-05, 0.0002681930898376095, 0.00014572019532010927, 0.00028617866796309954, 0.00026611229687034665, 0.000261814031247809, 0.00018764253515257678, 0.0002507584843698396, 0.0001973527226510896, 0.0003417602460871194, 0.0003436565781242962, 0.00033140406249287935, 0.00027161924218432887, 0.00035771839843334874, 0.0024882718789029923, 0.001562861597655285, 0.0001233829843698686, 0.0017688552500061405, 0.0009668196249918992, 0.00020933374999287935], "mass_diff": [2.1155259375404967, 2.087516093709496, 0.4044426707907059, 1.739299101544134, 1.8817498632728302, 1.762066054737943, 1.6461412304380474, 1.8817498632728302, 1.777446074200384, 1.586711210919134, 1.7578272851181964, 1.1120836132860745, 1.6357372656017333, 1.6842882030942974, 1.7182828906214809, 1.823242148404347, 1.6951672851206467, 2.0945097266178436, 1.5192834375454822, 1.8646191015392333, 1.6006119921740947, 0.207094304624932, 0.24241304777402764, 1.3409654491880474, 0.7286009766005463, 1.4308933398154977, 1.3305614843517333, 1.309070156239045, 0.9382126757628839, 1.253792421849198, 0.986763613255448, 1.708801230435597, 1.7182828906214809, 1.6570203124643967, 1.3580962109216443, 1.7885919921667437, 12.441359394514961, 7.814307988276426, 0.616914921849343, 8.844276250030703, 4.834098124959496, 1.0466687499643967], "formula": ["C8H13NO", "C8H11N", "C17H23NO4", "C7H6", "C8H8O", "C8H15NO2", "C5H7N", "C7H8O", "C8H6", "C6H6", "C6H10N", "C3H7N", "C6H8", "C6H7N", "C5H6O", "C7H8N", "C6H9N", "C8H13NO2", "C9H15O", "C7H8", "C3H6NO", "C16H21NO3", "C15H19NO", "C4H7N", "C8H14NO", "C5H6N", "C8H8", "C3H5NO", "C5H6", "C5H5N", "C4H5N", "C5H8N", "C6H6O", "C8H9N", "C5H7NO", "C6H9NO", "C3H6NO3", "C3H7N", "C6H11NO", "C4H7N", "C6H11N", "C5H9N"], "ions": ["[M+H]+", "[M+H]+", "[M+H]+", "[M+H]+", "[M+H]+", "[M+H]+", "[M+H]+", "[M+H]+", "[M+H]+", "[M+H]+", "[M+H]+", "[M+H]+", "[M+H]+", "[M+H]+", "[M+H]+", "[M+H]+", "[M+H]+", "[M+H]+", "[M+H]+", "[M+H]+", "[M+H]+", "[M+H]+", "[M+H]+", "[M+H]+", "[M+H]+", "[M+H]+", "[M+H]+", "[M+H]+", "[M+H]+", "[M+H]+", "[M+H]+", "[M+H]+", "[M+H]+", "[M+H]+", "[M+H]+", "[M+H]+", "[M+H]+", "[M+H]+", "[M+H]+", "[M+H]+", "[M+H]+", "[M+H]+"]}}