{"cand_form": "C30H32O9", "cand_ion": "[M+Na]+", "output_tbl": {"mz": [437.15519511777194, 559.1915987493363, 415.17654127522144, 371.14735878173576, 373.12848959367153, 438.15802240811144, 340.13024810911236, 385.16451323615905, 455.1686141902227, 397.1626497929383, 341.1361188539666, 437.0864999118754, 342.109084061329, 343.1169272419371, 366.1463768097666, 437.10121894847697, 437.2091812831622, 367.15280693368163, 478.1801247857159, 356.12524446531995, 343.1544666638216, 416.17758361282716, 391.1174647443226, 422.1301618904786, 311.125920583634, 357.1304693002745, 300.09884191731925, 100.02834224626373, 310.1206742436855, 309.1115381147698, 372.15136444131105, 312.0975754609241, 313.10650767015323, 325.1041828836639, 327.12146184893794, 329.1030750690148, 331.1156884598987, 384.1559320918696, 383.15130732197565], "ms2_inten": [1.0, 0.3619392214170772, 0.35777087639996635, 0.2810693864511039, 0.15165750888103102, 0.14832396974191325, 0.1224744871391589, 0.11401754250991379, 0.08944271909999159, 0.08366600265340755, 0.07745966692414834, 0.07745966692414834, 0.07071067811865475, 0.07071067811865475, 0.06324555320336758, 0.06324555320336758, 0.06324555320336758, 0.06324555320336758, 0.05477225575051661, 0.05477225575051661, 0.05477225575051661, 0.05477225575051661, 0.044721359549995794, 0.044721359549995794, 0.044721359549995794, 0.03162277660168379, 0.03162277660168379, 0.03162277660168379, 0.03162277660168379, 0.03162277660168379, 0.03162277660168379, 0.03162277660168379, 0.03162277660168379, 0.03162277660168379, 0.03162277660168379, 0.03162277660168379, 0.03162277660168379, 0.03162277660168379, 0.03162277660168379], "mono_mass": [437.15707387199996, 559.193853304, 415.17272393599995, 371.146509188, 373.12577374399996, 438.159025676, 340.128119472, 385.162159252, 455.167638556, 397.162159252, 341.13594450399995, 437.08430285599997, 342.10738402799996, 343.11520906, 366.143769536, 437.099558996, 437.20871552, 367.151594568, 478.175069664, 356.12303409199995, 343.151594568, 416.17467573999994, 391.11520906, 422.127725548, 311.12537982, 357.130859124, 300.096819344, 100.02834586, 310.11755478799995, 309.109729756, 372.14846099199997, 312.096819344, 313.10464437599995, 325.10464437599995, 327.12029443999995, 329.099558996, 331.11520906, 384.15433421999995, 383.146509188], "abs_mass_diff": [0.0018787542280165326, 0.0022545546636365543, 0.003817339221484417, 0.0008495937357793082, 0.002715849671574233, 0.0010032678885636415, 0.0021286371123778736, 0.0023539841590718424, 0.0009756342226978632, 0.0004905409383013648, 0.0001743499666417847, 0.0021970558754560443, 0.001700033329029793, 0.0017181819371216989, 0.002607273766614071, 0.001659952476984472, 0.00046576316219670844, 0.0012123656816243056, 0.005055121715940913, 0.002210373319996961, 0.002872095821601306, 0.0029078728272224907, 0.0022556843226198, 0.0024363424785747156, 0.0005407636340351019, 0.0003898237254702508, 0.00202257331926603, 3.6137362684485197e-06, 0.003119455685578032, 0.0018083587698356496, 0.002903449311077111, 0.0007561169240943855, 0.0018632941532814584, 0.000461492336057745, 0.001167408937988057, 0.0035160730147936192, 0.0004793998987224768, 0.0015978718696487704, 0.004798133975668861], "mass_diff": [4.297682491249787, 4.031810686496352, 9.194496417739304, 2.289100853547868, 7.2785910144029256, 2.2897398592628586, 6.2582999430706785, 6.111633024791474, 2.143456715339624, 1.2351134693987702, 0.5110862116491991, 5.026592850383186, 4.9692726917623515, 5.007569725378725, 7.120850926701085, 3.797638636144224, 1.065309655277008, 3.3020738469889834, 10.571584752097834, 6.2067302286182375, 8.36968799947172, 6.987096234206849, 5.767280998546979, 5.77154323127193, 1.7380860875258985, 1.0915442925775338, 6.739690517777049, 0.0180686813422426, 10.058844651959053, 5.850182043881602, 7.801796764700536, 2.4226940019566237, 5.950991460210638, 1.4195213730082537, 3.568732333823933, 10.683804805094207, 1.4478320279908354, 4.159435625392463, 12.522817706679046], "formula": ["C23H26O7", "C30H32O9", "C21H28O7", "C19H24O6", "C18H22O7", "C30H23O2", "C18H21O5", "C20H26O6", "C23H28O8", "C21H26O6", "C18H22O5", "C21H18O9", "C17H19O6", "C17H20O6", "C20H23O5", "C25H18O6", "C28H30O3", "C20H24O5", "C29H27O5", "C18H21O6", "C18H24O5", "C28H25O2", "C21H20O6", "C29H19O2", "C17H20O4", "C18H22O6", "C15H17O5", "C6H5", "C17H19O4", "C17H18O4", "C26H21O", "C16H17O5", "C16H18O5", "C17H18O5", "C17H20O5", "C16H18O6", "C16H20O6", "C20H25O6", "C20H24O6"], "ions": ["[M+Na]+", "[M+Na]+", "[M+Na]+", "[M+Na]+", "[M+Na]+", "[M+Na]+", "[M+Na]+", "[M+Na]+", "[M+Na]+", "[M+Na]+", "[M+Na]+", "[M+Na]+", "[M+Na]+", "[M+Na]+", "[M+Na]+", "[M+Na]+", "[M+Na]+", "[M+Na]+", "[M+Na]+", "[M+Na]+", "[M+Na]+", "[M+Na]+", "[M+Na]+", "[M+Na]+", "[M+Na]+", "[M+Na]+", "[M+Na]+", "[M+Na]+", "[M+Na]+", "[M+Na]+", "[M+Na]+", "[M+Na]+", "[M+Na]+", "[M+Na]+", "[M+Na]+", "[M+Na]+", "[M+Na]+", "[M+Na]+", "[M+Na]+"]}}