{"cand_form": "C17H11NO4", "cand_ion": "[M+H]+", "output_tbl": {"mz": [279.0520935058594, 251.05735778808594, 294.0758056640625, 221.04685974121094, 279.0657958984375, 223.06246948242188, 239.07003784179688, 264.06536865234375, 249.04197692871094, 195.0675506591797, 224.0465087890625, 193.05197143554688, 209.05946350097656, 236.0703582763672, 167.07269287109375, 251.06997680664062, 278.0450439453125, 250.04953002929688, 266.08087158203125, 222.0540771484375, 196.0517120361328, 210.09104919433594, 208.07557678222656, 206.05972290039062, 196.07533264160156, 211.0748748779297, 164.05027770996094, 168.0566864013672, 218.0596160888672, 233.046875, 234.05467224121094, 238.08609008789062, 262.0498962402344, 263.0573425292969], "ms2_inten": [1.0, 0.5567764362830022, 0.38600518131237566, 0.15165750888103102, 0.1341640786499874, 0.11832159566199232, 0.11401754250991379, 0.08944271909999159, 0.08366600265340755, 0.08366600265340755, 0.07745966692414834, 0.07745966692414834, 0.07071067811865475, 0.07071067811865475, 0.07071067811865475, 0.06324555320336758, 0.06324555320336758, 0.05477225575051661, 0.044721359549995794, 0.044721359549995794, 0.044721359549995794, 0.03162277660168379, 0.03162277660168379, 0.03162277660168379, 0.03162277660168379, 0.03162277660168379, 0.03162277660168379, 0.03162277660168379, 0.03162277660168379, 0.03162277660168379, 0.03162277660168379, 0.03162277660168379, 0.03162277660168379, 0.03162277660168379], "mono_mass": [279.05260918799996, 251.05769456800002, 294.076084284, 221.04712988400001, 279.065185252, 223.062779948, 239.07027063200002, 264.06551959999996, 249.04204450400002, 195.067865328, 224.04679553600002, 193.052215264, 209.05970594800002, 236.07060498, 167.072950708, 251.07027063200002, 278.044784156, 250.04986953600002, 266.081169664, 222.054954916, 196.05188091600002, 210.091340424, 208.07569036, 206.060040296, 196.07569036, 211.07535601200001, 164.049475612, 168.056966296, 218.060040296, 233.04712988400001, 234.054954916, 238.086255044, 262.049869536, 263.057694568], "abs_mass_diff": [0.0005156821405876144, 0.00033677991407898844, 0.00027861993748956593, 0.0002701427890769992, 0.0006106464375079668, 0.00031046557813851905, 0.00023279020314248555, 0.00015094765620915496, 6.757528907996857e-05, 0.00031466882032304966, 0.00028674693751895575, 0.0002438284531365298, 0.0002424470234529963, 0.000246703632825529, 0.00025783690625758027, 0.00029382535939248555, 0.0002597893125084738, 0.0003395067031419785, 0.00029808196876501825, 0.0008777675625140091, 0.00016887986720348636, 0.00029122966407157946, 0.0001135777734475596, 0.0003173956093860397, 0.0003577183984475596, 0.00048113407032701616, 0.0008020979609284495, 0.00027989463282551696, 0.0004242071328235397, 0.0002548840000144992, 0.0002826747890765091, 0.00016495610938704885, 2.6704234358021495e-05, 0.00035203870311306673], "mass_diff": [1.8479780391856706, 1.341446102381352, 0.9474425713479041, 1.2221064320627173, 2.1881808752019323, 1.391832426400107, 0.9737322386527293, 0.5716298845983309, 0.27134095991902685, 1.5733441016152483, 1.279854522477407, 1.219142265682649, 1.1597036526971847, 1.0450428195509132, 1.2891845312879013, 1.1702926934142053, 0.934342539691413, 1.3577578134308048, 1.120268311632921, 3.9529450383711886, 0.8443993360174318, 1.3862069097583956, 0.5458486536669843, 1.5403088236679272, 1.788591992237798, 2.2794473790652203, 4.010489804642248, 1.3994731641275848, 1.9453722813611665, 1.09370271544941, 1.2077297426696592, 0.692842279555914, 0.10190515142788065, 1.33825841821488], "formula": ["C16H8NO4", "C15H8NO3", "C17H11NO4", "C14H6NO2", "C17H10O4", "C14H8NO2", "C15H10O3", "C16H9NO3", "C15H6NO3", "C13H8NO", "C14H7O3", "C13H6NO", "C14H8O2", "C15H9NO2", "C12H8N", "C16H10O3", "C16H7NO4", "C15H7NO3", "C16H11NO3", "C14H7NO2", "C13H7O2", "C14H11NO", "C14H9NO", "C14H7NO", "C13H9NO", "C14H10O2", "C12H5N", "C12H7O", "C15H7NO", "C15H6NO2", "C15H7NO2", "C15H11NO2", "C16H7NO3", "C16H8NO3"], "ions": ["[M+H]+", "[M+H]+", "[M+H]+", "[M+H]+", "[M+H]+", "[M+H]+", "[M+H]+", "[M+H]+", "[M+H]+", "[M+H]+", "[M+H]+", "[M+H]+", "[M+H]+", "[M+H]+", "[M+H]+", "[M+H]+", "[M+H]+", "[M+H]+", "[M+H]+", "[M+H]+", "[M+H]+", "[M+H]+", "[M+H]+", "[M+H]+", "[M+H]+", "[M+H]+", "[M+H]+", "[M+H]+", "[M+H]+", "[M+H]+", "[M+H]+", "[M+H]+", "[M+H]+", "[M+H]+"]}}