{"cand_form": "C27H43NO3", "cand_ion": "[M+Na]+", "output_tbl": {"mz": [398.2825012207031], "ms2_inten": [0.40987803063838396], "mono_mass": [398.28182088399996], "abs_mass_diff": [0.0006803367031693597], "mass_diff": [1.7081762344169868], "formula": ["C27H37N"], "ions": ["[M+Na]+"]}}