{"cand_form": "C17H23NO3", "cand_ion": "[M+H]+", "output_tbl": {"mz": [124.11183166503906, 93.06966400146484, 91.05406951904297, 290.1753845214844, 95.04889678955078, 142.12252807617188, 67.0540542602539, 121.06468200683594, 95.08525848388672, 82.06494140625, 96.08052825927734, 103.05403137207031, 125.11968231201172, 83.07275390625, 70.06493377685547, 105.0445327758789, 98.0962142944336, 140.1068878173828, 124.12229919433594, 68.0492935180664, 95.07270812988281, 79.0540542602539, 260.164794921875, 109.08841705322266, 122.09636688232422, 77.03843688964844, 214.15916442871094, 124.12557220458984, 97.08837890625, 65.03840637207031, 94.06488800048828, 107.08535766601562, 58.06498336791992, 118.0649185180664, 108.08056640625, 242.15402221679688, 81.06968688964844, 81.05718231201172, 80.04940795898438, 259.15679931640625, 121.0722427368164, 69.06968688964844], "ms2_inten": [1.0, 0.7231873892705818, 0.3391164991562634, 0.31464265445104544, 0.23664319132398465, 0.22803508501982758, 0.216794833886788, 0.20493901531919198, 0.2, 0.17320508075688773, 0.16431676725154984, 0.15165750888103102, 0.13784048752090222, 0.1224744871391589, 0.11832159566199232, 0.10954451150103323, 0.10954451150103323, 0.10954451150103323, 0.1, 0.09486832980505137, 0.09486832980505137, 0.08366600265340755, 0.08366600265340755, 0.07745966692414834, 0.07071067811865475, 0.07071067811865475, 0.07071067811865475, 0.06324555320336758, 0.05477225575051661, 0.05477225575051661, 0.05477225575051661, 0.05477225575051661, 0.044721359549995794, 0.044721359549995794, 0.044721359549995794, 0.03162277660168379, 0.03162277660168379, 0.03162277660168379, 0.03162277660168379, 0.03162277660168379, 0.03162277660168379, 0.03162277660168379], "mono_mass": [124.11207586799999, 93.069876708, 91.054226644, 290.175070048, 95.049141264, 142.122640552, 67.054226644, 121.064791328, 95.085526772, 82.065125676, 96.08077573999999, 103.054226644, 125.11990089999999, 83.072950708, 70.065125676, 105.042044504, 98.09642580399999, 140.106990488, 124.12465193199999, 68.049475612, 95.072950708, 79.054226644, 260.164505364, 109.08860077199999, 122.09642580399999, 77.03857658, 214.15902606, 124.12465193199999, 97.08860077199999, 65.03857658, 94.065125676, 107.085526772, 58.065125676, 118.065125676, 108.08077573999999, 242.15394068, 81.069876708, 81.057300644, 80.049475612, 259.156680332, 121.073344632, 69.069876708], "abs_mass_diff": [0.0002442029609284191, 0.00021270653515159665, 0.00015712495702757678, 0.00031447348436586253, 0.0002444744492180462, 0.0001124758281321192, 0.00017238374609007678, 0.00010932116406081605, 0.0002682881132756165, 0.00018426974999385948, 0.00024748072264912935, 0.00019527192968382678, 0.00021858798827167902, 0.0001968017499933694, 0.00019189914452510948, 0.0024882718789029923, 0.00021150956639814922, 0.00010267061719559933, 0.002352737664054416, 0.0001820939335885896, 0.0002425781171808694, 0.00017238374609007678, 0.0002895578750212735, 0.00018371877733613928, 5.892167577314922e-05, 0.0001396903515598069, 0.00013836871093531045, 0.0009202725898518338, 0.00022186574999238928, 0.0001702079296848069, 0.00023767551171260948, 0.00016910598436936652, 0.0001423080800790899, 0.00020715793358760948, 0.00020933374999287935, 8.153679686984106e-05, 0.00018981835155784665, 0.00011833198827559954, 6.765301561983961e-05, 0.00011898440624236173, 0.0011018951835950475, 0.00018981835155784665], "mass_diff": [1.2210148046420954, 1.0635326757579833, 0.7856247851378839, 1.0837359098686026, 1.2223722460902309, 0.562379140660596, 0.8619187304503839, 0.5466058203040802, 1.3414405663780826, 0.9213487499692974, 1.2374036132456467, 0.9763596484191339, 1.0929399413583951, 0.9840087499668472, 0.9594957226255474, 12.441359394514961, 1.057547831990746, 0.5133530859779967, 11.763688320272081, 0.910469667942948, 1.212890585904347, 0.8619187304503839, 1.112978699167291, 0.9185938866806964, 0.2946083788657461, 0.6984517577990346, 0.6461022170329324, 4.601362949259169, 1.1093287499619464, 0.8510396484240346, 1.1883775585630474, 0.8455299218468326, 0.7115404003954495, 1.0357896679380474, 1.0466687499643967, 0.33671460884032883, 0.9490917577892333, 0.5916599413779977, 0.33826507809919804, 0.45912129859688877, 5.509475917975237, 0.9490917577892333], "formula": ["C8H13N", "C7H8", "C7H6", "C17H23NO3", "C6H6O", "C8H15NO", "C5H6", "C8H8O", "C7H10", "C5H7N", "C6H9N", "C8H6", "C8H14N", "C5H8N", "C4H7N", "C3H6NO3", "C6H11N", "C8H13NO", "C9H15", "C4H5N", "C6H8N", "C6H6", "C16H21NO2", "C7H10N", "C8H11N", "C6H4", "C15H19N", "C9H15", "C6H10N", "C5H4", "C6H7N", "C8H10", "C3H7N", "C8H7N", "C7H9N", "C16H19NO", "C6H8", "C5H6N", "C5H5N", "C16H20NO2", "C4H10NO3", "C5H8"], "ions": ["[M+H]+", "[M+H]+", "[M+H]+", "[M+H]+", "[M+H]+", "[M+H]+", "[M+H]+", "[M+H]+", "[M+H]+", "[M+H]+", "[M+H]+", "[M+H]+", "[M+H]+", "[M+H]+", "[M+H]+", "[M+H]+", "[M+H]+", "[M+H]+", "[M+H]+", "[M+H]+", "[M+H]+", "[M+H]+", "[M+H]+", "[M+H]+", "[M+H]+", "[M+H]+", "[M+H]+", "[M+H]+", "[M+H]+", "[M+H]+", "[M+H]+", "[M+H]+", "[M+H]+", "[M+H]+", "[M+H]+", "[M+H]+", "[M+H]+", "[M+H]+", "[M+H]+", "[M+H]+", "[M+H]+", "[M+H]+"]}}