{"cand_form": "C38H42N2O6", "cand_ion": "[M+Na]+", "output_tbl": {"mz": [389.14617919921875, 229.0704345703125, 615.2453002929688, 403.16168212890625, 199.0599365234375, 362.16204833984375, 551.1940307617188, 375.130126953125, 214.0830535888672, 244.09396362304688, 349.1535949707031, 387.1319885253906, 583.2172241210938, 599.2501220703125, 629.263671875, 591.2836303710938, 388.1390380859375, 438.1674499511719, 402.1538391113281, 425.1575927734375, 423.1441345214844, 556.2434692382812, 590.1507568359375], "ms2_inten": [0.9154233993076646, 0.764198926981712, 0.7503332592921628, 0.7496665925596525, 0.6737952211169207, 0.6730527468185536, 0.6610597552415364, 0.6308724118235002, 0.6016643582596529, 0.5674504383644443, 0.5594640292279746, 0.5513619500836089, 0.4909175083453431, 0.4898979485566356, 0.4743416490252569, 0.469041575982343, 0.4404543109109048, 0.4404543109109048, 0.41952353926806063, 0.41231056256176607, 0.3646916505762094, 0.36055512754639896, 0.3478505426185217], "mono_mass": [389.147177884, 229.070938944, 615.246557572, 403.162827948, 199.06037426, 362.16008829599997, 551.194128076, 375.13152782, 214.083849356, 244.09441404, 349.15226326399994, 387.13152782, 583.220342824, 599.251642952, 629.2622076360001, 591.28294308, 388.13935285199994, 438.16757898, 402.155002916, 425.15975394799995, 423.144103884, 556.2458293, 590.144832156], "abs_mass_diff": [0.0009986847812228916, 0.0005043736875052218, 0.001257279031278813, 0.0011458190937219115, 0.00043773656250323256, 0.001960043843780568, 9.731428121995123e-05, 0.0014008668749738717, 0.0007957671328142624, 0.00045041695312875163, 0.0013317067031834995, 0.00046070539065112825, 0.003118702906249382, 0.0015208816874974218, 0.0014642389999153238, 0.0006872910937545385, 0.00031476606244495997, 0.00012902882809839866, 0.0011638046718758233, 0.002161174562445467, 3.0637484371709434e-05, 0.002360061718718498, 0.005924679937493238], "mass_diff": [2.5663486746239563, 2.201827959384282, 2.043541057006237, 2.842083324167571, 2.188682812516163, 5.412063060625591, 0.17655176904849357, 3.7343491613216107, 3.717095395801305, 1.8452605154313786, 3.8140999329972267, 1.1900473334843322, 5.347412211546489, 2.5379747645991646, 2.326908520799191, 1.1623712520557854, 0.8109621335622209, 0.2944737864776977, 2.8939290358325973, 5.0832317220243945, 0.0724043697459166, 4.242857398308625, 10.039265168883457], "formula": ["C21H22N2O4", "C11H12NO3", "C36H36N2O6", "C22H24N2O4", "C10H10NO2", "C20H23N2O3", "C34H28N2O4", "C20H20N2O4", "C11H13NO2", "C12H15NO3", "C19H22N2O3", "C21H20N2O4", "C35H32N2O5", "C36H36N2O5", "C37H38N2O6", "C35H40N2O5", "C21H21N2O4", "C26H25NO4", "C22H23N2O4", "C25H24NO4", "C25H22NO4", "C35H35NO4", "C35H23N2O6"], "ions": ["[M+Na]+", "[M+Na]+", "[M+Na]+", "[M+Na]+", "[M+Na]+", "[M+Na]+", "[M+Na]+", "[M+Na]+", "[M+Na]+", "[M+Na]+", "[M+Na]+", "[M+Na]+", "[M+Na]+", "[M+Na]+", "[M+Na]+", "[M+Na]+", "[M+Na]+", "[M+Na]+", "[M+Na]+", "[M+Na]+", "[M+Na]+", "[M+Na]+", "[M+Na]+"]}}