{"cand_form": "C12H14N2O2", "cand_ion": "[M+Na]+", "output_tbl": {"mz": [241.09425354003906], "ms2_inten": [1.0], "mono_mass": [241.094748388], "abs_mass_diff": [0.0004948479609367951], "mass_diff": [2.0525083185137576], "formula": ["C12H14N2O2"], "ions": ["[M+Na]+"]}}