{"cand_form": "C27H43NO3", "cand_ion": "[M+H]+", "output_tbl": {"mz": [412.32073974609375, 430.33160400390625, 138.127685546875, 413.32342529296875, 103.07799530029297, 112.11200714111328, 96.08069610595703, 98.09638977050781, 397.2974853515625, 396.29168701171875, 410.3070373535156], "ms2_inten": [1.0, 0.24083189157584592, 0.2073644135332772, 0.2024845673131659, 0.05477225575051661, 0.044721359549995794, 0.03162277660168379, 0.03162277660168379, 0.03162277660168379, 0.03162277660168379, 0.03162277660168379], "mono_mass": [412.32100600399997, 430.331570688, 138.127725932, 413.328831036, 103.075356012, 112.11207586799999, 96.08077573999999, 98.09642580399999, 397.29753090799994, 396.28970587599997, 410.30535593999997], "abs_mass_diff": [0.0002662579062189252, 3.331590625066383e-05, 4.038512500414981e-05, 0.005405743031246857, 0.0026392882929684447, 6.872688670966909e-05, 7.963404296162935e-05, 3.603349217939922e-05, 4.5556437441973685e-05, 0.0019811357187791145, 0.0016814135156550947], "mass_diff": [0.6457543377102163, 0.07741914825842401, 0.20192562502074907, 13.07872407041822, 13.196441464842223, 0.34363443354834544, 0.39817021480814674, 0.1801674608969961, 0.11466580867397508, 4.9991856597297994, 4.097939744100486], "formula": ["C27H41NO2", "C27H43NO3", "C9H15N", "C27H42NO2", "C5H10O2", "C7H13N", "C6H9N", "C6H11N", "C26H38NO2", "C26H37NO2", "C27H39NO2"], "ions": ["[M+H]+", "[M+H]+", "[M+H]+", "[M+H]+", "[M+H]+", "[M+H]+", "[M+H]+", "[M+H]+", "[M+H]+", "[M+H]+", "[M+H]+"]}}