{"cand_form": "C16H19N3O3", "cand_ion": "[M+Na]+", "output_tbl": {"mz": [225.06295776367188], "ms2_inten": [0.6899275324264136], "mono_mass": [225.06344826], "abs_mass_diff": [0.0004904963281262553], "mass_diff": [2.1793738649844934], "formula": ["C11H10N2O2"], "ions": ["[M+Na]+"]}}