{"cand_form": "C21H20O12", "cand_ion": "[M+H]+", "output_tbl": {"mz": [303.0495742196274, 85.02813062146771, 91.03860220318076, 97.02821264323991, 303.00709160254416, 145.04964949104624, 303.0920657714505, 127.03854746718699, 302.99576441215595, 115.03851124985273, 99.0439439290602, 73.0283191181276, 465.1007260604509, 302.04090649552614, 286.04628738140747, 369.0616487060892, 315.050247253548, 319.0450091066875, 345.06139372136295, 69.033156255589], "ms2_inten": [1.0, 0.10954451150103323, 0.1, 0.08366600265340755, 0.07071067811865475, 0.07071067811865475, 0.07071067811865475, 0.06324555320336758, 0.044721359549995794, 0.03162277660168379, 0.03162277660168379, 0.03162277660168379, 0.03162277660168379, 0.03162277660168379, 0.03162277660168379, 0.03162277660168379, 0.03162277660168379, 0.03162277660168379, 0.03162277660168379, 0.03162277660168379], "mono_mass": [303.049929112, 85.02840582, 91.038970504, 97.02840582, 303.00767037599996, 145.04953518800002, 303.092187848, 127.038970504, 302.998287464, 115.038970504, 99.044055884, 73.02840582, 465.102752532, 302.04210408, 286.04718945999997, 369.060493796, 315.049929112, 319.04484373199995, 345.060493796, 69.0334912], "abs_mass_diff": [0.00035489237257024797, 0.000275198532293075, 0.0003683008192467696, 0.0001931767600922285, 0.0005787734557998192, 0.00011430304621740106, 0.00012207654947360425, 0.00042303681301802953, 0.0025230518440366723, 0.0004592541472732137, 0.00011195493979698767, 8.670187240511495e-05, 0.0020264715491293828, 0.001197584473857205, 0.0009020785925031305, 0.0011549100892125352, 0.0003181415480071337, 0.00016537468752630957, 0.0008999253629440318, 0.00033494441099435335], "mass_diff": [1.171070355350669, 1.375992661465375, 1.841504096233848, 0.9658838004611425, 1.9100987133297826, 0.5715152310870053, 0.40277052176501793, 2.1151840650901477, 8.327020177762753, 2.2962707363660684, 0.5597746989849384, 0.4335093620255748, 4.357059526211092, 3.964974439231938, 3.1536105598892807, 3.1293148265651265, 1.0098120880098782, 0.5183428131013605, 2.608015209231785, 1.6747220549717667], "formula": ["C15H10O7", "C4H4O2", "C3H6O3", "C5H4O2", "C21H2O3", "C6H8O4", "C9H18O11", "C6H6O3", "C10H6O11", "C5H6O3", "C5H6O2", "C3H4O2", "C21H20O12", "C15H9O7", "C15H9O6", "C19H12O8", "C16H10O7", "C15H10O8", "C17H12O8", "C4H4O"], "ions": ["[M+H]+", "[M+H]+", "[M+H]+", "[M+H]+", "[M+H]+", "[M+H]+", "[M+H]+", "[M+H]+", "[M+H]+", "[M+H]+", "[M+H]+", "[M+H]+", "[M+H]+", "[M+H]+", "[M+H]+", "[M+H]+", "[M+H]+", "[M+H]+", "[M+H]+", "[M+H]+"]}}