{"cand_form": "C21H20O9", "cand_ion": "[M+H]+", "output_tbl": {"mz": [255.06503828681687, 417.11995513081024, 255.04098171898386, 255.03223472299132, 255.08909825947154, 255.10659855529727, 255.02348817322215, 255.12410065563446, 255.01474207470955, 254.0575852692554], "ms2_inten": [1.0, 0.10954451150103323, 0.07071067811865475, 0.07071067811865475, 0.05477225575051661, 0.044721359549995794, 0.044721359549995794, 0.03162277660168379, 0.03162277660168379, 0.03162277660168379], "mono_mass": [255.06518525200002, 417.118008672, 255.04405588400002, 255.028799744, 255.08631462000002, 255.107443988, 255.022926516, 255.122700128, 255.013543604, 254.05736022], "abs_mass_diff": [0.00014696518314849527, 0.0019464588102664493, 0.0030741650161587586, 0.0034349789913221684, 0.002783639471516608, 0.0008454327027322961, 0.0005616572221356364, 0.001400527634473292, 0.0011984707095393787, 0.00022504925541966259], "mass_diff": [0.5761870938314764, 4.666424577208332, 12.05361191538236, 13.468803247766479, 10.912420368059577, 3.3140369850097735, 2.202374479930791, 5.489593616887331, 4.699613441125191, 0.885819863166655], "formula": ["C15H10O4", "C21H20O9", "C18H6O2", "C14H6O5", "C12H14O6", "C9H18O8", "C21H2", "C13H18O5", "C10H6O8", "C15H9O4"], "ions": ["[M+H]+", "[M+H]+", "[M+H]+", "[M+H]+", "[M+H]+", "[M+H]+", "[M+H]+", "[M+H]+", "[M+H]+", "[M+H]+"]}}