{"cand_form": "C14H13NO4", "cand_ion": "[M+Na]+", "output_tbl": {"mz": [252.02603149414062, 191.08541870117188, 267.0499267578125, 235.0750732421875, 219.07997131347656], "ms2_inten": [1.0, 0.3924283374069717, 0.34641016151377546, 0.3346640106136302, 0.28809720581775866], "mono_mass": [252.026728404, 191.083121084, 267.0502035, 235.072950324, 219.078035704], "abs_mass_diff": [0.0006969098593856415, 0.002297617171876709, 0.00027674218750917134, 0.0021229181874957703, 0.0019356094765612397], "mass_diff": [2.765229667959296, 11.488085859383546, 1.0362938154263144, 9.03080942703194, 8.835173133155198], "formula": ["C12H7NO4", "C13H12", "C13H10NO4", "C14H12O2", "C14H12O"], "ions": ["[M+Na]+", "[M+Na]+", "[M+Na]+", "[M+Na]+", "[M+Na]+"]}}