{"cand_form": "C15H24N2O", "cand_ion": "[M+Na]+", "output_tbl": {"mz": [271.1773986816406], "ms2_inten": [0.726636084983398], "mono_mass": [271.178084088], "abs_mass_diff": [0.000685406359366425], "mass_diff": [2.527520223656562], "formula": ["C15H24N2O"], "ions": ["[M+Na]+"]}}