{"cand_form": "C22H20O11", "cand_ion": "[M+Na]+", "output_tbl": {"mz": [307.0572058776789, 483.08708821248774, 199.02116250357852, 181.0105559291551, 308.0620945265165, 292.0322978144609, 307.1005431221776, 348.08552605389144, 325.0677824102215, 307.00521328716826, 367.06371753330745], "ms2_inten": [1.0, 0.5458937625582472, 0.21447610589527216, 0.10954451150103323, 0.08366600265340755, 0.07745966692414834, 0.07071067811865475, 0.05477225575051661, 0.05477225575051661, 0.044721359549995794, 0.044721359549995794], "mono_mass": [307.05769418399996, 483.08978215999997, 199.02130867600002, 181.010743992, 308.065519216, 292.034219088, 307.09995291999996, 348.08156320399996, 325.068258868, 307.00605253599997, 367.06356741199994], "abs_mass_diff": [0.0004883063210741057, 0.0026939475122276235, 0.000146172421494839, 0.0001880628448986954, 0.003424689483495058, 0.0019212735390965463, 0.000590202177647825, 0.003962849891479436, 0.0004764577784612811, 0.0008392488317099378, 0.0001501213075130181], "mass_diff": [1.5902780059446975, 5.576525595407096, 0.730862107474195, 0.940314224493477, 11.116880474239187, 6.578976207341298, 1.921853252512867, 11.384701732372228, 1.4657182416804748, 2.7336631281401615, 0.4089788784406241], "formula": ["C16H12O5", "C22H20O11", "C6H8O6", "C6H6O5", "C16H13O5", "C15H9O5", "C10H20O9", "C15H17O8", "C16H14O6", "C11H8O9", "C14H16O10"], "ions": ["[M+Na]+", "[M+Na]+", "[M+Na]+", "[M+Na]+", "[M+Na]+", "[M+Na]+", "[M+Na]+", "[M+Na]+", "[M+Na]+", "[M+Na]+", "[M+Na]+"]}}