{"cand_form": "C38H44N2O6", "cand_ion": "[M+Na]+", "output_tbl": {"mz": [305.1020812988281, 199.0601348876953, 511.2196960449219, 214.0836181640625, 206.1173858642578, 306.10858154296875, 479.19384765625, 304.0943908691406, 183.065185546875, 512.223388671875, 288.0993347167969, 464.17022705078125, 197.0445098876953, 200.0656280517578, 493.2099914550781, 426.1674499511719, 287.0911560058594, 211.06004333496094, 207.12030029296875, 265.10919189453125, 266.1171875, 441.1898193359375, 320.123779296875, 480.1958923339844, 439.2015686035156, 481.20843505859375, 214.07461547851562, 394.14056396484375], "ms2_inten": [1.0, 0.9428679653058534, 0.758287544405155, 0.6789698078707183, 0.51478150704935, 0.363318042491699, 0.29325756597230357, 0.2683281572999748, 0.2664582518894845, 0.22803508501982758, 0.22583179581272428, 0.18439088914585774, 0.17606816861659008, 0.15811388300841897, 0.14491376746189438, 0.1341640786499874, 0.12649110640673517, 0.10954451150103323, 0.10954451150103323, 0.10954451150103323, 0.10954451150103323, 0.10488088481701516, 0.1, 0.1, 0.1, 0.09486832980505137, 0.08944271909999159, 0.08366600265340755], "mono_mass": [305.102239072, 199.06037426, 511.22034282399994, 214.083849356, 206.115149484, 306.10738402799996, 479.19412807599997, 304.09441404, 183.06545964, 512.222294628, 288.09949942, 464.17065297999994, 197.044724196, 200.065519216, 493.20977813999997, 426.16757898, 287.09167438799994, 211.06037426, 207.122974516, 265.107324452, 266.11514948399997, 441.19105407599994, 320.12303409199995, 480.19339980399997, 439.203236216, 481.20977813999997, 214.075296052, 394.14136423199994], "abs_mass_diff": [0.00015777317184983985, 0.00023937230469073256, 0.0006467790780675386, 0.00023119193750176237, 0.002236380257812698, 0.0011975149687941666, 0.0002804197499699512, 2.317085937875163e-05, 0.00027409312500026317, 0.0010940438750139947, 0.00016470320309736053, 0.0004259292186929997, 0.0002143083046917127, 0.00010883575779985222, 0.0002133150781560289, 0.00012902882809839866, 0.0005183821405694289, 0.00033092503906573256, 0.002674223031249312, 0.0018674425312497078, 0.0020380160000286196, 0.0012347400624435068, 0.0007452048750451468, 0.0024925299844085202, 0.0016676124843684192, 0.001343081406218971, 0.000680573484373781, 0.0008002671561939678], "mass_diff": [0.5171160130347031, 1.1968615234536628, 1.265168543135914, 1.079914191867726, 10.85003212337219, 3.912059448833421, 0.5851906307676773, 0.07619627350746705, 1.3704656250013159, 2.1358725493787007, 0.5716889393696957, 0.9176142584569563, 1.0715415234585635, 0.5440002806064015, 0.4325035620764746, 0.30276556342625915, 1.8056360487776537, 1.5679189383115066, 12.911448213751434, 7.044050483140679, 7.658340369423225, 2.798659462047405, 2.3278647924309985, 5.190652448719664, 3.7969183253847576, 2.7910595666417035, 3.179141454265898, 2.030410542228151], "formula": ["C17H16NO3", "C10H10NO2", "C29H32N2O5", "C11H13NO2", "C10H17NO2", "C14H19O6", "C28H28N2O4", "C17H15NO3", "C10H10NO", "C36H29N2", "C17H15NO2", "C27H25N2O4", "C10H8NO2", "C7H13O5", "C29H30N2O4", "C25H25NO4", "C17H14NO2", "C11H10NO2", "C10H18NO2", "C15H16NO2", "C15H17NO2", "C26H28NO4", "C15H21O6", "C32H27NO2", "C31H28O", "C28H30N2O4", "C15H11", "C24H21NO3"], "ions": ["[M+Na]+", "[M+Na]+", "[M+Na]+", "[M+Na]+", "[M+Na]+", "[M+Na]+", "[M+Na]+", "[M+Na]+", "[M+Na]+", "[M+Na]+", "[M+Na]+", "[M+Na]+", "[M+Na]+", "[M+Na]+", "[M+Na]+", "[M+Na]+", "[M+Na]+", "[M+Na]+", "[M+Na]+", "[M+Na]+", "[M+Na]+", "[M+Na]+", "[M+Na]+", "[M+Na]+", "[M+Na]+", "[M+Na]+", "[M+Na]+", "[M+Na]+"]}}