{"cand_form": "C8H11NO2", "cand_ion": "[M+H]+", "output_tbl": {"mz": [137.05904505497955, 119.04851468811665, 154.08577483065383, 91.0538394542678, 109.06439538627586, 137.04798568793626, 137.04413390112944, 137.08265907346052], "ms2_inten": [1.0, 0.14832396974191325, 0.13784048752090222, 0.13784048752090222, 0.05477225575051661, 0.03162277660168379, 0.03162277660168379, 0.03162277660168379], "mono_mass": [137.05970594800002, 119.049141264, 154.086255044, 91.054226644, 109.064791328, 137.04712988400001, 137.04712988400001, 137.083515392], "abs_mass_diff": [0.0006608930204663466, 0.0006265758833450263, 0.00048021334617942557, 0.0003871897321943152, 0.0003959417241361507, 0.0008558039362469572, 0.0029959828705727887, 0.0008563185394905304], "mass_diff": [3.304465102331733, 3.1328794167251317, 2.401066730897128, 1.935948660971576, 1.9797086206807535, 4.279019681234786, 14.979914352863943, 4.281592697452652], "formula": ["C8H8O2", "C8H6O", "C8H11NO2", "C7H6", "C7H8O", "C7H6NO2", "C7H6NO2", "C8H10NO"], "ions": ["[M+H]+", "[M+H]+", "[M+H]+", "[M+H]+", "[M+H]+", "[M+H]+", "[M+H]+", "[M+H]+"]}}