{"cand_form": "C22H26N2O4", "cand_ion": "[M+Na]+", "output_tbl": {"mz": [405.1778564453125, 351.13104248046875, 238.1432647705078, 122.09600830078125, 246.1096649169922, 206.07833862304688, 182.05703735351562, 152.0701446533203, 164.0701446533203, 228.098876953125, 168.04156494140625, 96.08052825927734, 260.1252136230469, 160.07513427734375, 373.15283203125, 206.11709594726562, 352.1341247558594, 267.1492004394531, 163.0751190185547, 351.168212890625, 122.0923080444336], "ms2_inten": [1.0, 0.5941380311005179, 0.47853944456021597, 0.2664582518894845, 0.232379000772445, 0.22583179581272428, 0.216794833886788, 0.21447610589527216, 0.19235384061671346, 0.1673320053068151, 0.15811388300841897, 0.15165750888103102, 0.14832396974191325, 0.14832396974191325, 0.14832396974191325, 0.1414213562373095, 0.1341640786499874, 0.12649110640673517, 0.10488088481701516, 0.09486832980505137, 0.08366600265340755], "mono_mass": [405.17847801199997, 351.13152782, 238.14404430800002, 122.094020116, 246.110064104, 206.078763976, 182.057634608, 152.068199292, 164.068199292, 228.09949942, 168.041984544, 96.078370052, 260.125714168, 160.073284672, 373.15226326399994, 206.115149484, 352.13079954799997, 267.14678396, 163.072950324, 351.167913328, 122.094020116], "abs_mass_diff": [0.0006215666874709314, 0.00048533953122387175, 0.0007795374922068277, 0.0019881847812541764, 0.0003991870078152715, 0.00042535295312973176, 0.0005972544843757532, 0.0019453613203097575, 0.0019453613203097575, 0.0006224668750007822, 0.00041960259375173337, 0.0021582072773469463, 0.0005005449531267914, 0.001849605343750227, 0.0005687672500584995, 0.0019464632656251979, 0.0033252078594045997, 0.0024164794531316147, 0.0021686945546832703, 0.0002995626250026362, 0.0017120715664020736], "mass_diff": [1.5340588770670522, 1.3822176694926316, 3.273397183657689, 9.940923906270882, 1.6219883438950242, 2.064035240053911, 2.986272421878766, 9.726806601548788, 9.726806601548788, 2.7289344135118254, 2.098012968758667, 10.791036386734731, 1.9242461972646066, 9.248026718751134, 1.5242206442931876, 9.443482874041628, 9.443015105991284, 9.045430228338967, 10.843472773416352, 0.8530459591908967, 8.560357832010368], "formula": ["C22H26N2O4", "C18H20N2O4", "C14H19N2", "C6H13N", "C12H17NO3", "C9H13NO3", "C10H9NO", "C6H11NO2", "C7H11NO2", "C12H15NO2", "C9H7NO", "C4H11N", "C13H19NO3", "C8H11NO", "C21H22N2O3", "C10H17NO2", "C22H19NO2", "C15H20N2O", "C8H12O2", "C19H24N2O3", "C6H13N"], "ions": ["[M+Na]+", "[M+Na]+", "[M+Na]+", "[M+Na]+", "[M+Na]+", "[M+Na]+", "[M+Na]+", "[M+Na]+", "[M+Na]+", "[M+Na]+", "[M+Na]+", "[M+Na]+", "[M+Na]+", "[M+Na]+", "[M+Na]+", "[M+Na]+", "[M+Na]+", "[M+Na]+", "[M+Na]+", "[M+Na]+", "[M+Na]+"]}}