{"cand_form": "C21H20O12", "cand_ion": "[M+H]+", "output_tbl": {"mz": [303.0495844154302, 85.02813348240188, 91.03860526631958, 145.04965437125628, 303.08924292563285, 97.02821590788132, 127.03855174145973, 303.0071017970922, 303.10340856040295, 115.03851512040774, 99.04394726146802, 465.1007417082313, 286.04629700378547, 302.04373501664355, 315.050257852132, 319.04501984095714, 345.0614053314962, 369.0616611230296, 399.0707402591473, 73.02832157529024], "ms2_inten": [1.0, 0.10488088481701516, 0.1, 0.07745966692414834, 0.07745966692414834, 0.07745966692414834, 0.07071067811865475, 0.07071067811865475, 0.044721359549995794, 0.03162277660168379, 0.03162277660168379, 0.03162277660168379, 0.03162277660168379, 0.03162277660168379, 0.03162277660168379, 0.03162277660168379, 0.03162277660168379, 0.03162277660168379, 0.03162277660168379, 0.03162277660168379], "mono_mass": [303.049929112, 85.02840582, 91.038970504, 145.04953518800002, 303.08631462, 97.02840582, 127.038970504, 303.00767037599996, 303.10157076, 115.038970504, 99.044055884, 465.102752532, 286.04718945999997, 302.04210408, 315.049929112, 319.04484373199995, 345.060493796, 369.060493796, 399.07105848, 73.02840582], "abs_mass_diff": [0.0003446965697548876, 0.00027233759811906566, 0.00036523768042684424, 0.00011918325625970283, 0.002928305632849515, 0.0001899121186852426, 0.00041876254027783943, 0.0005685789077460868, 0.001837800402938683, 0.00045538359226782177, 0.00010862253198240523, 0.002010823768728187, 0.0008924562145011805, 0.00163093664355074, 0.0003287401320335448, 0.00017610895719144537, 0.0009115354961863886, 0.0011673270295773364, 0.00031822085264821, 8.424470976819975e-05], "mass_diff": [1.1374263073806639, 1.3616879905953283, 1.8261884021342212, 0.5959162812985141, 9.661529404948283, 0.949560593426213, 2.093812701389197, 1.8764540645216754, 6.063278574356392, 2.276917961339109, 0.5431126599120262, 4.323415527876377, 3.119971220915228, 5.399670492953182, 1.0434529851673318, 0.5519877955757939, 2.641661692969365, 3.162959344043593, 0.7974046216506996, 0.4212235488409988], "formula": ["C15H10O7", "C4H4O2", "C3H6O3", "C6H8O4", "C16H14O6", "C5H4O2", "C6H6O3", "C21H2O3", "C20H14O3", "C5H6O3", "C5H6O2", "C21H20O12", "C15H9O6", "C15H9O7", "C16H10O7", "C15H10O8", "C17H12O8", "C19H12O8", "C20H14O9", "C3H4O2"], "ions": ["[M+H]+", "[M+H]+", "[M+H]+", "[M+H]+", "[M+H]+", "[M+H]+", "[M+H]+", "[M+H]+", "[M+H]+", "[M+H]+", "[M+H]+", "[M+H]+", "[M+H]+", "[M+H]+", "[M+H]+", "[M+H]+", "[M+H]+", "[M+H]+", "[M+H]+", "[M+H]+"]}}