{"cand_form": "C21H22O9", "cand_ion": "[M+Na]+", "output_tbl": {"mz": [191.04594829633888], "ms2_inten": [0.38600518131237566], "mono_mass": [191.046735576], "abs_mass_diff": [0.0007872796611252397], "mass_diff": [3.936398305626199], "formula": ["C12H8O"], "ions": ["[M+Na]+"]}}