{"cand_form": "C17H23NO3", "cand_ion": "[M+Na]+", "output_tbl": {"mz": [124.11161804199219, 312.15673828125, 213.0421905517578], "ms2_inten": [1.0, 0.382099463490856, 0.17606816861659008], "mono_mass": [124.10967018, 312.157014296, 213.039638816], "abs_mass_diff": [0.0019478619921926565, 0.0002760147499998311, 0.002551735757805318], "mass_diff": [9.739309960963283, 0.8842184587127018, 11.977607586537575], "formula": ["C6H15N", "C17H23NO3", "C10H8NO3"], "ions": ["[M+Na]+", "[M+Na]+", "[M+Na]+"]}}