{"cand_form": "C24H26O13", "cand_ion": "[M+H]+", "output_tbl": {"mz": [361.0925815244102, 361.1441634450653, 361.0373274498742, 523.1454224822317, 361.1331092476838, 361.0483772509024, 346.0685255242237, 361.0225951706242, 361.00786379250644, 345.06142702203937, 329.06599961257837, 328.05876238581493, 301.0709498210412], "ms2_inten": [1.0, 0.08944271909999159, 0.08366600265340755, 0.07745966692414834, 0.07071067811865475, 0.07071067811865475, 0.07071067811865475, 0.044721359549995794, 0.03162277660168379, 0.03162277660168379, 0.03162277660168379, 0.03162277660168379, 0.03162277660168379], "mono_mass": [361.091793924, 361.143435572, 361.040152276, 523.144617344, 361.13405266, 361.049535188, 346.068318828, 361.01902290799995, 361.003766768, 345.060493796, 329.06557917599997, 328.057754144, 301.070664556], "abs_mass_diff": [0.0007876004102058687, 0.0007278730653297316, 0.0028248261257886043, 0.0008051382316125455, 0.0009434123161895513, 0.0011579370976164682, 0.00020669622369950957, 0.0035722626242318256, 0.004097024506449998, 0.0009332260393648539, 0.00042043657839485604, 0.0010082418149295336, 0.00028526504121373364], "mass_diff": [2.1811592109726745, 2.015464014110948, 7.824194095777529, 1.539033310837947, 2.612367274091477, 3.2071522005811044, 0.5972696401280835, 9.894845009752162, 11.348851139721464, 2.704521474390263, 1.2776664222066445, 3.073357369262359, 0.9475010504444128], "formula": ["C18H16O8", "C23H20O4", "C13H12O12", "C24H26O13", "C12H24O12", "C24H8O4", "C17H13O8", "C16H8O10", "C12H8O13", "C17H12O8", "C17H12O7", "C17H11O7", "C16H12O6"], "ions": ["[M+H]+", "[M+H]+", "[M+H]+", "[M+H]+", "[M+H]+", "[M+H]+", "[M+H]+", "[M+H]+", "[M+H]+", "[M+H]+", "[M+H]+", "[M+H]+", "[M+H]+"]}}