{"cand_form": "C18H23NO5", "cand_ion": "[M+Na]+", "output_tbl": {"mz": [120.0804214477539, 192.10140991210938, 113.04271697998047], "ms2_inten": [1.0, 0.26267851073127396, 0.15811388300841897], "mono_mass": [120.078370052, 192.09949942, 113.044724196], "abs_mass_diff": [0.0020513957539094463, 0.0019104921093742178, 0.0020072160195354627], "mass_diff": [10.256978769547231, 9.552460546871089, 10.036080097677313], "formula": ["C6H11N", "C9H15NO2", "C3H8NO2"], "ions": ["[M+Na]+", "[M+Na]+", "[M+Na]+"]}}