{"cand_form": "C12H14N2O2", "cand_ion": "[M+Na]+", "output_tbl": {"mz": [110.02096557617188, 241.0943145751953, 210.0521240234375, 182.05726623535156, 66.03123474121094, 154.0624542236328, 210.0641632080078, 223.08450317382812, 128.03150939941406, 182.0479736328125, 197.10458374023438, 178.0743865966797], "ms2_inten": [1.0, 0.9924716620639604, 0.4626013402488151, 0.41231056256176607, 0.15491933384829668, 0.07071067811865475, 0.06324555320336758, 0.06324555320336758, 0.05477225575051661, 0.05477225575051661, 0.05477225575051661, 0.044721359549995794], "mono_mass": [110.0212491, 241.094748388, 210.052549228, 182.057634608, 66.03141986, 154.062719988, 210.065125292, 223.084183704, 128.03449386, 182.045058544, 197.104919148, 178.075296052], "abs_mass_diff": [0.0002835238281306829, 0.00043381280468679506, 0.00042520456250372263, 0.00036837264843825324, 0.0001851187890622441, 0.00026576436718528385, 0.0009620839921922197, 0.0003194698281276942, 0.002984460585935267, 0.002915088812500244, 0.0003354077656183563, 0.000909455320311281], "mass_diff": [1.4176191406534144, 1.7993489620490095, 2.024281184875229, 1.8418632421912662, 0.9255939453112205, 1.3288218359264192, 4.579952989123393, 1.4320574651425353, 14.922302929676334, 14.57544406250122, 1.6770388280917814, 4.547276601556405], "formula": ["C3H5NO2", "C12H14N2O2", "C11H9NO2", "C10H9NO", "C2H5N", "C9H9N", "C12H11O2", "C12H12N2O", "C6H5N2", "C9H7N2O", "C11H14N2", "C12H11"], "ions": ["[M+Na]+", "[M+Na]+", "[M+Na]+", "[M+Na]+", "[M+Na]+", "[M+Na]+", "[M+Na]+", "[M+Na]+", "[M+Na]+", "[M+Na]+", "[M+Na]+", "[M+Na]+"]}}