{"cand_form": "C27H45NO3", "cand_ion": "[M+H]+", "output_tbl": {"mz": [414.3358154296875, 432.3466491699219, 415.3387451171875, 112.11151123046875, 98.09589385986328, 299.2365417480469, 95.08497619628906, 175.14767456054688, 281.2255859375, 396.32598876953125, 398.3050537109375, 412.32086181640625], "ms2_inten": [1.0, 0.3478505426185217, 0.2345207879911715, 0.08366600265340755, 0.05477225575051661, 0.03162277660168379, 0.03162277660168379, 0.03162277660168379, 0.03162277660168379, 0.03162277660168379, 0.03162277660168379, 0.03162277660168379], "mono_mass": [414.33665606799997, 432.347220752, 415.3444811, 112.11207586799999, 98.09642580399999, 299.236942032, 95.085526772, 175.148127028, 281.22637734799997, 396.326091384, 398.30535593999997, 412.32100600399997], "abs_mass_diff": [0.0008406383124679451, 0.000571582078123356, 0.005735982812495877, 0.0005646375312409191, 0.0005319441367106492, 0.0004002839531267455, 0.0005505757109318665, 0.00045246745312965686, 0.0007914104999713345, 0.00010261446874437752, 0.00030222906246990533, 0.0001441875937189252], "mass_diff": [2.028881600776317, 1.32204581490514, 13.810372569208475, 2.8231876562045954, 2.659720683553246, 1.3376840635452176, 2.7528785546593326, 2.2623372656482843, 2.814148283603252, 0.2589143070404327, 0.7587879180896421, 0.34969754642957523], "formula": ["C27H43NO2", "C27H45NO3", "C27H44NO2", "C7H13N", "C6H11N", "C21H30O", "C7H10", "C13H18", "C21H28", "C27H41NO", "C26H39NO2", "C27H41NO2"], "ions": ["[M+H]+", "[M+H]+", "[M+H]+", "[M+H]+", "[M+H]+", "[M+H]+", "[M+H]+", "[M+H]+", "[M+H]+", "[M+H]+", "[M+H]+", "[M+H]+"]}}