{"cand_form": "C21H18O12", "cand_ion": "[M+H]+", "output_tbl": {"mz": [287.0541658048087, 159.029098715441, 85.02855273069191, 113.02300221678429, 141.01814698778492, 131.03345363173872, 287.09333788923107, 287.0176124221849, 287.025444701537, 463.0878691015803, 97.028213953275, 287.1037851330022, 73.02832010385131, 329.06597229657524, 287.007169879557, 103.03903776513738, 99.00743904573757, 286.0462912445155, 117.01795851985125, 445.07559981144993, 287.11423294733174, 287.1246813323193, 299.05604551825013, 353.0651179568263, 427.06405884001504, 71.01269091074951], "ms2_inten": [1.0, 0.1341640786499874, 0.10954451150103323, 0.1, 0.09486832980505137, 0.08944271909999159, 0.08366600265340755, 0.08366600265340755, 0.07745966692414834, 0.07071067811865475, 0.05477225575051661, 0.044721359549995794, 0.044721359549995794, 0.044721359549995794, 0.044721359549995794, 0.044721359549995794, 0.03162277660168379, 0.03162277660168379, 0.03162277660168379, 0.03162277660168379, 0.03162277660168379, 0.03162277660168379, 0.03162277660168379, 0.03162277660168379, 0.03162277660168379, 0.03162277660168379], "mono_mass": [287.055014492, 159.028799744, 85.02840582, 113.02332044, 141.01823506000002, 131.03388512400002, 287.09139999999996, 287.018628984, 287.02450221199996, 463.08710246799996, 97.02840582, 287.10665614, 73.02840582, 329.06557917599997, 287.003372844, 103.038970504, 99.00767037600001, 286.04718945999997, 117.01823506, 445.076537784, 287.11252936799997, 287.127785508, 299.055014492, 353.06557917599997, 427.0659731, 71.012755756], "abs_mass_diff": [0.0008486871913078176, 0.00029897144099777506, 0.00014691069191030692, 0.00031822321571439716, 8.807221510664931e-05, 0.00043149226129912677, 0.0019378892311010532, 0.0010165618150494993, 0.0009424895370671038, 0.0007666335803264701, 0.00019186672500381974, 0.0028710069977933017, 8.571614868913002e-05, 0.00039312057526785793, 0.0037970355569996173, 6.726113737443029e-05, 0.00023133026243726817, 0.0008982154844829893, 0.0002765401487465624, 0.0009379725500480163, 0.0017035793317745629, 0.0031041756806757803, 0.0010310262501320722, 0.0004612191736441673, 0.0019142599849715225, 6.484525049188505e-05], "mass_diff": [2.9565402366775215, 1.4948572049888753, 0.7345534595515346, 1.5911160785719858, 0.44036107553324655, 2.157461306495634, 6.750032046542115, 3.541809878740823, 3.283644549517727, 1.655481889028507, 0.9593336250190987, 9.99989253524921, 0.4285807434456501, 1.1946558087554329, 13.22975854085126, 0.33630568687215145, 1.1566513121863409, 3.1401053325148163, 1.382700743732812, 2.107445455211149, 5.9334548283681485, 10.811246411390856, 3.4476020986144986, 1.3063289183401186, 4.482372012692912, 0.32422625245942527], "formula": ["C15H10O6", "C6H6O5", "C4H4O2", "C5H4O3", "C6H4O4", "C5H6O4", "C16H14O5", "C14H6O7", "C7H10O12", "C21H18O12", "C5H4O2", "C20H14O2", "C3H4O2", "C17H12O7", "C10H6O10", "C4H6O3", "C4H2O3", "C15H9O6", "C4H4O4", "C21H16O11", "C13H18O7", "C17H18O4", "C16H10O6", "C19H12O7", "C21H14O10", "C3H2O2"], "ions": ["[M+H]+", "[M+H]+", "[M+H]+", "[M+H]+", "[M+H]+", "[M+H]+", "[M+H]+", "[M+H]+", "[M+H]+", "[M+H]+", "[M+H]+", "[M+H]+", "[M+H]+", "[M+H]+", "[M+H]+", "[M+H]+", "[M+H]+", "[M+H]+", "[M+H]+", "[M+H]+", "[M+H]+", "[M+H]+", "[M+H]+", "[M+H]+", "[M+H]+", "[M+H]+"]}}