{"cand_form": "C20H17NO6", "cand_ion": "[M+Na]+", "output_tbl": {"mz": [190.08604431152344, 191.08941650390625, 190.06553649902344, 175.0626983642578, 190.0703582763672, 161.0596923828125, 149.05938720703125, 131.04879760742188, 94.00029754638672, 159.04393005371094, 160.07565307617188, 175.05519104003906, 189.07855224609375, 190.1173553466797], "ms2_inten": [1.0, 0.18973665961010275, 0.08366600265340755, 0.07071067811865475, 0.05477225575051661, 0.05477225575051661, 0.05477225575051661, 0.044721359549995794, 0.03162277660168379, 0.03162277660168379, 0.03162277660168379, 0.03162277660168379, 0.03162277660168379, 0.03162277660168379], "mono_mass": [190.083849356, 191.091674388, 190.062719988, 175.06037426, 190.06859321599998, 161.05730026, 149.05730026, 131.046735576, 94.00252503600001, 159.041650196, 160.073284672, 175.05769418399998, 189.076024324, 190.120234864], "abs_mass_diff": [0.0021949555234357376, 0.0022578840937512723, 0.002816511023439716, 0.0023241042578092674, 0.0017650603672052512, 0.00239212281249479, 0.00208694703124479, 0.0020620314218717795, 0.0022274896132898903, 0.00227985771093131, 0.002368404171875227, 0.002503143960922216, 0.0025279220937477476, 0.0028795173203093327], "mass_diff": [10.974777617178688, 11.289420468756362, 14.08255511719858, 11.620521289046337, 8.825301836026256, 11.960614062473951, 10.434735156223951, 10.310157109358897, 11.137448066449451, 11.39928855465655, 11.842020859376134, 12.51571980461108, 12.639610468738738, 14.397586601546664], "formula": ["C9H13NO2", "C9H14NO2", "C12H9N", "C8H10NO2", "C5H13NO5", "C8H10O2", "C7H10O2", "C7H8O", "C3H3O2", "C8H8O2", "C8H11NO", "C5H12O5", "C9H12NO2", "C10H17NO"], "ions": ["[M+Na]+", "[M+Na]+", "[M+Na]+", "[M+Na]+", "[M+Na]+", "[M+Na]+", "[M+Na]+", "[M+Na]+", "[M+Na]+", "[M+Na]+", "[M+Na]+", "[M+Na]+", "[M+Na]+", "[M+Na]+"]}}