{"cand_form": "C27H24O18", "cand_ion": "[M+Na]+", "output_tbl": {"mz": [153.0175363414026, 307.1426911088946, 197.03790451909126, 310.97573254317996, 340.0662957952173, 353.03163242130705, 338.9947658526577], "ms2_inten": [0.3535533905932738, 0.3301514803843836, 0.3178049716414141, 0.31464265445104544, 0.30495901363953815, 0.30331501776206204, 0.30166206257996714], "mono_mass": [153.015829372, 307.14572133999997, 197.036170892, 310.97396455999996, 340.07060459599995, 353.032661208, 338.995881776], "abs_mass_diff": [0.0017069694025906301, 0.0030302311053560516, 0.00173362709125513, 0.0017679831800023749, 0.004308800782666822, 0.001028786692927497, 0.0011159233422972648], "mass_diff": [8.53484701295315, 9.865874048364416, 8.66813545627565, 5.685277000696139, 12.67047289291355, 2.914148757354824, 3.2918600955104274], "formula": ["C5H6O4", "C22H20", "C14H6", "C20O3", "C20H13O4", "C9H14O13", "C11H8O11"], "ions": ["[M+Na]+", "[M+Na]+", "[M+Na]+", "[M+Na]+", "[M+Na]+", "[M+Na]+", "[M+Na]+"]}}