{"cand_form": "C16H12O6", "cand_ion": "[M+Na]+", "output_tbl": {"mz": [226.97319041974316], "ms2_inten": [0.4393176527297759], "mono_mass": [226.97396455999998], "abs_mass_diff": [0.000774140256822875], "mass_diff": [3.410712319773326], "formula": ["C13O3"], "ions": ["[M+Na]+"]}}