{"cand_form": "C13H11NO3", "cand_ion": "[M+H]+", "output_tbl": {"mz": [215.05714416503906, 200.03370666503906, 186.054443359375, 172.03884887695312, 230.0806884765625, 158.05960083007812, 214.0495147705078, 185.04673767089844, 159.06741333007812, 170.05960083007812, 187.06185913085938, 215.06739807128906, 144.04396057128906, 198.0545196533203, 157.05181884765625, 186.0694580078125, 130.0647735595703, 134.0596466064453, 190.04942321777344, 144.05508422851562, 133.05177307128906, 131.0724334716797, 116.04911041259766, 146.0233917236328, 145.06410217285156, 129.05706787109375, 142.0649871826172, 75.02303314208984, 89.0383529663086, 173.08282470703125, 158.0704803466797, 228.06288146972656, 202.08544921875], "ms2_inten": [1.0, 0.9617692030835673, 0.66783231428256, 0.3420526275297414, 0.2863564212655271, 0.24289915602982237, 0.22583179581272428, 0.18973665961010275, 0.17606816861659008, 0.17029386365926402, 0.11832159566199232, 0.11832159566199232, 0.11832159566199232, 0.10488088481701516, 0.09486832980505137, 0.07071067811865475, 0.06324555320336758, 0.05477225575051661, 0.05477225575051661, 0.05477225575051661, 0.044721359549995794, 0.044721359549995794, 0.044721359549995794, 0.03162277660168379, 0.03162277660168379, 0.03162277660168379, 0.03162277660168379, 0.03162277660168379, 0.03162277660168379, 0.03162277660168379, 0.03162277660168379, 0.03162277660168379, 0.03162277660168379], "mono_mass": [215.05769456800002, 200.03421947200002, 186.054954916, 172.03930485200001, 230.08116966400002, 158.060040296, 214.04986953600002, 185.04712988400001, 159.067865328, 170.060040296, 187.062779948, 215.07027063200002, 144.044390232, 198.054954916, 157.052215264, 186.06753098000002, 130.065125676, 134.060040296, 190.04986953600002, 144.056966296, 133.052215264, 131.072950708, 116.049475612, 146.02365478800002, 145.064791328, 129.057300644, 142.065125676, 75.022926516, 89.03857658, 173.083515392, 158.07261636, 228.06551960000002, 202.086255044], "abs_mass_diff": [0.0005504029609539884, 0.0005128069609554586, 0.0005115566250140091, 0.00045597504688998924, 0.00048118743751501825, 0.0004394659218860397, 0.0003547654922044785, 0.0003922131015769992, 0.00045199792188554966, 0.0004394659218860397, 0.000920817140638519, 0.0028725607109549856, 0.00042966071094951985, 0.0004352626797015091, 0.0003964163437615298, 0.0019270278124849938, 0.00035211642969557033, 0.0003936895546985397, 0.0004463182265794785, 0.001882067484388017, 0.0004421927109490298, 0.0005172363203200803, 0.0003651994023385896, 0.0002630643672034694, 0.0006891551484500269, 0.0002327729062585604, 0.00013849338282057033, 0.00010662608984546296, 0.0002236136914035569, 0.0006906849687595695, 0.002136013320324537, 0.0026381302734534984, 0.0008058252500120489], "mass_diff": [2.5593335347724997, 2.5636027522809717, 2.5577831250700456, 2.279875234449946, 2.0913855947716145, 2.1973296094301986, 1.657399189084071, 1.9610655078849957, 2.2599896094277483, 2.1973296094301986, 4.604085703192595, 13.356560486228643, 2.1483035547475993, 2.1763133985075456, 1.982081718807649, 9.635139062424969, 1.7605821484778517, 1.9684477734926988, 2.2315911328973925, 9.410337421940085, 2.210963554745149, 2.5861816016004013, 1.825997011692948, 1.3153218360173469, 3.4457757422501345, 1.163864531292802, 0.6924669141028517, 0.5331304492273148, 1.1180684570177846, 3.4534248437978476, 10.680066601622684, 11.567556528499303, 3.987547114981905], "formula": ["C12H8NO3", "C11H5NO3", "C11H7NO2", "C10H5NO2", "C13H11NO3", "C10H7NO", "C12H7NO3", "C11H6NO2", "C10H8NO", "C11H7NO", "C11H8NO2", "C13H10O3", "C9H5NO", "C12H7NO2", "C10H6NO", "C12H9O2", "C9H7N", "C8H7NO", "C10H7NO3", "C10H7O", "C8H6NO", "C9H8N", "C8H5N", "C8H3NO2", "C10H8O", "C9H6N", "C10H7N", "C6H2", "C7H4", "C11H10NO", "C11H9O", "C13H9NO3", "C12H11NO2"], "ions": ["[M+H]+", "[M+H]+", "[M+H]+", "[M+H]+", "[M+H]+", "[M+H]+", "[M+H]+", "[M+H]+", "[M+H]+", "[M+H]+", "[M+H]+", "[M+H]+", "[M+H]+", "[M+H]+", "[M+H]+", "[M+H]+", "[M+H]+", "[M+H]+", "[M+H]+", "[M+H]+", "[M+H]+", "[M+H]+", "[M+H]+", "[M+H]+", "[M+H]+", "[M+H]+", "[M+H]+", "[M+H]+", "[M+H]+", "[M+H]+", "[M+H]+", "[M+H]+", "[M+H]+"]}}