{"cand_form": "C15H24N2O", "cand_ion": "[M+Na]+", "output_tbl": {"mz": [209.0829315185547, 136.0752410888672, 196.11181640625, 224.10647583007812, 179.0850372314453, 197.09559631347656, 207.0798797607422, 158.0959930419922, 271.17822265625, 122.10709381103516], "ms2_inten": [0.5224940191045253, 0.5108815909777921, 0.5089204259999789, 0.5049752469181039, 0.4969909455915671, 0.4679743582719036, 0.3924283374069717, 0.3507135583350036, 0.3449637662132068, 0.34058772731852804], "mono_mass": [209.081109704, 136.073284672, 196.10967018, 224.1045848, 179.083121084, 197.093685768, 207.078035704, 158.094020116, 271.178084088, 122.10659618], "abs_mass_diff": [0.001821814554688217, 0.001956416867187727, 0.0021462262500051565, 0.0018910300781271872, 0.001916147445314209, 0.0019105454765622198, 0.0018440567421862397, 0.0019729259921916764, 0.00013856825000857498, 0.0004976310351594293], "mass_diff": [8.7133585771756, 9.782084335938634, 10.731131250025783, 8.438087614929088, 9.580737226571046, 9.5527273828111, 8.90505028454161, 9.864629960958382, 0.5109859068005854, 2.4881551757971465], "formula": ["C12H12NO", "C6H11NO", "C12H15N", "C13H15NO", "C12H12", "C12H14O", "C13H12O", "C9H13N", "C15H24N2O", "C7H15"], "ions": ["[M+Na]+", "[M+Na]+", "[M+Na]+", "[M+Na]+", "[M+Na]+", "[M+Na]+", "[M+Na]+", "[M+Na]+", "[M+Na]+", "[M+Na]+"]}}