{"cand_form": "C37H42N2O6", "cand_ion": "[M+Na]+", "output_tbl": {"mz": [214.08328247070312, 199.059814453125, 200.0675506591797, 206.11697387695312, 394.1406555175781, 215.08676147460938, 441.18988037109375, 192.10130310058594, 214.0931854248047, 199.04945373535156, 440.1821594238281, 243.1967010498047, 309.1692810058594, 94.03922271728516, 133.0051727294922, 395.1452331542969, 350.00531005859375, 449.1341552734375], "ms2_inten": [1.0, 0.4722287581247038, 0.4207136793592526, 0.3209361307176242, 0.25099800796022265, 0.17029386365926402, 0.130384048104053, 0.130384048104053, 0.12649110640673517, 0.08944271909999159, 0.08366600265340755, 0.07071067811865475, 0.07071067811865475, 0.07071067811865475, 0.07071067811865475, 0.07071067811865475, 0.07071067811865475, 0.07071067811865475], "mono_mass": [214.083849356, 199.06037426, 200.068199292, 206.115149484, 394.14136423199994, 215.08899431199998, 441.19105407599994, 192.09949942, 214.09240266, 199.047798196, 440.183229044, 243.19574553200002, 309.169924708, 94.038910544, 133.004870764, 395.146509188, 350.00599295999996, 449.13594450399995], "abs_mass_diff": [0.0005668852968767624, 0.0005598068750032326, 0.0006486328203152425, 0.0018243929531251979, 0.0007087144218189678, 0.002232837390607756, 0.0011737049061935068, 0.0018036805859367178, 0.0007827648046827562, 0.0016555393515602645, 0.0010696201718474185, 0.0009555178046696255, 0.0006437021406213717, 0.0003121732851525394, 0.00030196549218430846, 0.0012760337031068048, 0.0006829014062077476, 0.0017892305624513938], "mass_diff": [2.6479662042473566, 2.799034375016163, 3.2420690820582165, 8.85125042741175, 1.7981256485411214, 10.38110098129558, 2.66031692568805, 9.018402929683589, 3.6561873892884105, 8.277696757801323, 2.4299489403375336, 3.9289916374068876, 2.0820378354768443, 1.560866425762697, 1.5098274609215423, 3.22927773396304, 1.9511172733162945, 3.9837330148318197], "formula": ["C11H13NO2", "C10H10NO2", "C10H11NO2", "C10H17NO2", "C24H21NO3", "C8H16O5", "C26H28NO4", "C9H15NO2", "C7H15N2O4", "C9H8N2O2", "C26H27NO4", "C15H26N", "C18H24NO2", "C4H7O", "C9H2", "C21H24O6", "C19H5NO5", "C27H22O5"], "ions": ["[M+Na]+", "[M+Na]+", "[M+Na]+", "[M+Na]+", "[M+Na]+", "[M+Na]+", "[M+Na]+", "[M+Na]+", "[M+Na]+", "[M+Na]+", "[M+Na]+", "[M+Na]+", "[M+Na]+", "[M+Na]+", "[M+Na]+", "[M+Na]+", "[M+Na]+", "[M+Na]+"]}}