{"cand_form": "C18H16O7", "cand_ion": "[M+Na]+", "output_tbl": {"mz": [352.05571631814155], "ms2_inten": [0.7120393247567159], "mono_mass": [352.055348456], "abs_mass_diff": [0.0003678621415588168], "mass_diff": [1.0448975105587874], "formula": ["C17H13O7"], "ions": ["[M+Na]+"]}}