{"cand_form": "C20H17NO5", "cand_ion": "[M+H]+", "output_tbl": {"mz": [322.07061767578125, 294.0759582519531, 337.0943908691406, 308.0917663574219, 319.08428955078125, 336.0867614746094, 320.0919494628906, 318.0765075683594, 338.0977783203125, 322.106201171875, 304.06048583984375, 352.11798095703125, 309.09515380859375, 292.0605773925781, 279.05279541015625, 276.0653991699219, 294.090576171875, 306.0763244628906, 292.0968933105469, 291.0889587402344, 290.081298828125, 321.0641174316406, 321.0968933105469, 322.0130920410156, 307.0475769042969, 248.07009887695312, 262.08636474609375, 263.0938720703125, 264.0656433105469, 334.0710144042969, 307.0836181640625, 293.0677185058594, 294.0367126464844, 294.1145935058594], "ms2_inten": [1.0, 0.40249223594996214, 0.38987177379235854, 0.30331501776206204, 0.21447610589527216, 0.1673320053068151, 0.1673320053068151, 0.12649110640673517, 0.09486832980505137, 0.08366600265340755, 0.08366600265340755, 0.07745966692414834, 0.07071067811865475, 0.06324555320336758, 0.06324555320336758, 0.06324555320336758, 0.05477225575051661, 0.044721359549995794, 0.044721359549995794, 0.044721359549995794, 0.044721359549995794, 0.044721359549995794, 0.044721359549995794, 0.044721359549995794, 0.03162277660168379, 0.03162277660168379, 0.03162277660168379, 0.03162277660168379, 0.03162277660168379, 0.03162277660168379, 0.03162277660168379, 0.03162277660168379, 0.03162277660168379, 0.03162277660168379], "mono_mass": [322.07099890399996, 294.076084284, 337.094474, 308.091734348, 319.08390931599996, 336.08664896799996, 320.091734348, 318.076084284, 338.10229903199996, 322.107384412, 304.06043422, 352.11794909599996, 309.09955938, 292.06043422, 279.05260918799996, 276.06551959999996, 294.08866034799996, 306.076084284, 292.09681972799996, 291.088994696, 290.081169664, 321.063173872, 321.09955938, 322.013484028, 307.047523808, 248.07060498, 262.086255044, 263.094080076, 264.06551959999996, 334.07099890399996, 307.08390931599996, 293.068259252, 294.03969877599997, 294.112469792], "abs_mass_diff": [0.0003812282187141136, 0.00012603204686456593, 8.313085936606512e-05, 3.20094218864142e-05, 0.00038023478128934585, 0.00011250660941186652, 0.0002151148906364142, 0.00042328435938543407, 0.004520711687462153, 0.0011832401249876057, 5.161984375945394e-05, 3.186103128882678e-05, 0.0044055714062665174, 0.00014317257813445394, 0.0001862221562873856, 0.00012043007808415496, 0.0019158238750378587, 0.00024017889063543407, 7.35825469178053e-05, 3.595576561110647e-05, 0.00012916412498498175, 0.0009435596406319746, 0.0026660694531415174, 0.00039198698436848645, 5.309629688099449e-05, 0.000506103046888029, 0.00010970209376637285, 0.0002080056875115588, 0.00012371054691584504, 1.550029691088639e-05, 0.00029115193746065415, 0.0005407461406434777, 0.002986129515591074, 0.002123713859361942], "mass_diff": [1.1836789753292072, 0.4285697056424669, 0.24661003451207336, 0.10389573945731348, 1.1916436933471546, 0.3347546595356335, 0.6720409276065008, 1.3307627231617032, 13.37101861455963, 3.673447206799449, 0.16976833940416514, 0.09048396563626429, 14.253123518703417, 0.4902153498861509, 0.6673366450734647, 0.43623749461637046, 6.51440076719152, 0.7847026099026287, 0.2519114328257336, 0.12352157143546323, 0.44526870745125946, 2.9388511185242385, 8.303006066654918, 1.217301389468221, 0.17292530824154323, 2.0401614268677517, 0.41857230486847713, 0.7906139579563022, 0.4684840684494453, 0.04639820949005693, 0.948119405396296, 1.8451235209403196, 10.155634950188174, 7.220702087737898], "formula": ["C18H11NO5", "C17H11NO4", "C19H14NO5", "C18H13NO4", "C19H12NO4", "C19H13NO5", "C19H13NO4", "C19H11NO4", "C19H15NO5", "C19H15NO4", "C18H9NO4", "C20H17NO5", "C18H14NO4", "C17H9NO4", "C16H8NO4", "C17H9NO3", "C18H13O4", "C18H11NO4", "C18H13NO3", "C18H12NO3", "C18H11NO3", "C18H10NO5", "C19H14NO4", "C20H3NO4", "C17H8NO5", "C16H9NO2", "C17H11NO2", "C17H12NO2", "C16H9NO3", "C19H11NO5", "C18H12NO4", "C17H10NO4", "C16H7NO5", "C18H15NO3"], "ions": ["[M+H]+", "[M+H]+", "[M+H]+", "[M+H]+", "[M+H]+", "[M+H]+", "[M+H]+", "[M+H]+", "[M+H]+", "[M+H]+", "[M+H]+", "[M+H]+", "[M+H]+", "[M+H]+", "[M+H]+", "[M+H]+", "[M+H]+", "[M+H]+", "[M+H]+", "[M+H]+", "[M+H]+", "[M+H]+", "[M+H]+", "[M+H]+", "[M+H]+", "[M+H]+", "[M+H]+", "[M+H]+", "[M+H]+", "[M+H]+", "[M+H]+", "[M+H]+", "[M+H]+", "[M+H]+"]}}