{"cand_form": "C21H18O13", "cand_ion": "[M+H]+", "output_tbl": {"mz": [317.02783448799374, 85.02783635819932, 285.00133799647386, 479.07968967993355, 97.02787276440043, 127.03809868918306, 316.9854090238961, 145.04913550520965], "ms2_inten": [1.0, 0.11401754250991379, 0.10488088481701516, 0.1, 0.08944271909999159, 0.08944271909999159, 0.07745966692414834, 0.07745966692414834], "mono_mass": [317.029193668, 85.02840582, 285.00297892, 479.082017088, 97.02840582, 127.038970504, 316.986934932, 145.04953518800002], "abs_mass_diff": [0.0013591800062613402, 0.0005694618006799601, 0.0016409235261107824, 0.002327408066435055, 0.0005330555995755049, 0.0008718148169464257, 0.0015259081038720979, 0.00039968279037339016], "mass_diff": [4.287257642397372, 2.8473090033998005, 5.757599377063572, 4.858081268254064, 2.6652779978775243, 4.3590740847321285, 4.813811804684885, 1.9984139518669506], "formula": ["C15H8O8", "C4H4O2", "C14H4O7", "C21H18O13", "C5H4O2", "C6H6O3", "C21O4", "C6H8O4"], "ions": ["[M+H]+", "[M+H]+", "[M+H]+", "[M+H]+", "[M+H]+", "[M+H]+", "[M+H]+", "[M+H]+"]}}