{"cand_form": "C23H28O6", "cand_ion": "[M+Na]+", "output_tbl": {"mz": [393.1310655861824, 240.11500245655787], "ms2_inten": [0.4427188724235731, 0.37416573867739417], "mono_mass": [393.130859124, 240.112075484], "abs_mass_diff": [0.0002064621824047208, 0.0029269725578728867], "mass_diff": [0.525173919025893, 12.189877883213237], "formula": ["C21H22O6", "C14H17O2"], "ions": ["[M+Na]+", "[M+Na]+"]}}