{"cand_form": "C20H17NO5", "cand_ion": "[M+Na]+", "output_tbl": {"mz": [330.0724182128906], "ms2_inten": [0.5890670590009256], "mono_mass": [330.073678596], "abs_mass_diff": [0.0012603831093542794], "mass_diff": [3.818504788065495], "formula": ["C18H13NO4"], "ions": ["[M+Na]+"]}}