{"cand_form": "C27H32O14", "cand_ion": "[M+Na]+", "output_tbl": {"mz": [331.10086817640513, 337.05088084811007, 185.0424227800333, 373.00235227877823, 147.01752658257638, 320.97517990040814, 407.93015351603754], "ms2_inten": [0.6410928169929843, 0.6403124237432849, 0.5039841267341661, 0.38600518131237566, 0.382099463490856, 0.3674234614174767, 0.36055512754639896], "mono_mass": [331.09995291999996, 337.05300272799997, 185.04204411999999, 373.00136108, 147.020520828, 320.97944386399996, 407.936021172], "abs_mass_diff": [0.000915256405164655, 0.002121879889898537, 0.0003786600333057777, 0.0009911987782516007, 0.002994245423622033, 0.004263963591824904, 0.005867655962447316], "mass_diff": [2.7642827099958596, 6.29542900039104, 1.8933001665288884, 2.6573526204220523, 14.971227118110164, 13.284402841203866, 14.383972138055325], "formula": ["C12H20O9", "C13H14O9", "C6H10O5", "C11H10O13", "C10H4", "C18H2O5", "C16HO12"], "ions": ["[M+Na]+", "[M+Na]+", "[M+Na]+", "[M+Na]+", "[M+Na]+", "[M+Na]+", "[M+Na]+"]}}