{"cand_form": "C18H27NO3", "cand_ion": "[M+H]+", "output_tbl": {"mz": [137.05918884277344, 170.15341186523438, 306.20574951171875, 182.15338134765625, 153.12686157226562, 135.11639404296875, 133.10073852539062, 151.11119079589844, 126.09089660644531, 114.09088134765625, 109.10061645507812, 147.11643981933594, 165.1269073486328, 138.05726623535156, 123.11627197265625, 289.1789855957031, 95.08527374267578, 100.07559204101562, 98.01763916015625, 97.06436157226562, 93.0695571899414, 69.06957244873047, 109.06454467773438, 122.0357894897461, 258.22064208984375, 125.13212585449219, 252.10000610351562, 164.14259338378906, 154.0858612060547], "ms2_inten": [1.0, 0.41231056256176607, 0.3924283374069717, 0.3209361307176242, 0.17029386365926402, 0.10954451150103323, 0.10488088481701516, 0.09486832980505137, 0.07745966692414834, 0.07071067811865475, 0.07071067811865475, 0.06324555320336758, 0.06324555320336758, 0.044721359549995794, 0.044721359549995794, 0.044721359549995794, 0.03162277660168379, 0.03162277660168379, 0.03162277660168379, 0.03162277660168379, 0.03162277660168379, 0.03162277660168379, 0.03162277660168379, 0.03162277660168379, 0.03162277660168379, 0.03162277660168379, 0.03162277660168379, 0.03162277660168379, 0.03162277660168379], "mono_mass": [137.05970594800002, 170.15394068, 306.206370176, 182.15394068, 153.127391584, 135.1168269, 133.101176836, 151.11174152, 126.091340424, 114.091340424, 109.101176836, 147.1168269, 165.127391584, 138.054954916, 123.11682689999999, 289.17982107999995, 95.085526772, 100.07569036, 98.015101484, 97.064791328, 93.069876708, 69.069876708, 109.064791328, 122.036230852, 258.22162631599997, 125.13247696399999, 252.101905108, 164.143375996, 154.086255044], "abs_mass_diff": [0.0005171052265779963, 0.0005288147656301589, 0.0006206642812571772, 0.0005593323437551589, 0.0005300117343836064, 0.0004328570312566171, 0.00043831060938259725, 0.0005507241015720865, 0.0004438175546823686, 0.0004590763437448686, 0.0005603809218683864, 0.0003870806640691171, 0.0004842353671961064, 0.002311319351548491, 0.0005549273437424063, 0.0008354842968287812, 0.0002530293242131165, 9.831898437084874e-05, 0.002537676156251223, 0.00042975573437331605, 0.00031951805858909665, 0.00030425926952659665, 0.00024665026562331605, 0.00044136225390900563, 0.0009842261562198473, 0.00035110950780392614, 0.0018990044843860687, 0.0007826122109406697, 0.00039383794532454885], "mass_diff": [2.5855261328899815, 2.6440738281507947, 2.0269517546515696, 2.7966617187757947, 2.650058671918032, 2.1642851562830856, 2.1915530469129862, 2.7536205078604326, 2.219087773411843, 2.295381718724343, 2.801904609341932, 1.9354033203455856, 2.421176835980532, 11.556596757742454, 2.7746367187120313, 2.8891597883839997, 1.2651466210655826, 0.4915949218542437, 12.688380781256114, 2.1487786718665802, 1.5975902929454833, 1.5212963476329833, 1.2332513281165802, 2.206811269545028, 3.8115704006242908, 1.7555475390196307, 7.532742714834811, 3.9130610547033484, 1.9691897266227445], "formula": ["C8H8O2", "C10H19NO", "C18H27NO3", "C11H19NO", "C10H16O", "C10H14", "C10H12", "C10H14O", "C7H11NO", "C6H11NO", "C8H12", "C11H14", "C11H16O", "C7H7NO2", "C9H14", "C18H24O3", "C7H10", "C5H9NO", "C8H", "C6H8O", "C7H8", "C5H8", "C7H8O", "C7H5O2", "C18H27N", "C9H16", "C16H13NO2", "C11H17N", "C8H11NO2"], "ions": ["[M+H]+", "[M+H]+", "[M+H]+", "[M+H]+", "[M+H]+", "[M+H]+", "[M+H]+", "[M+H]+", "[M+H]+", "[M+H]+", "[M+H]+", "[M+H]+", "[M+H]+", "[M+H]+", "[M+H]+", "[M+H]+", "[M+H]+", "[M+H]+", "[M+H]+", "[M+H]+", "[M+H]+", "[M+H]+", "[M+H]+", "[M+H]+", "[M+H]+", "[M+H]+", "[M+H]+", "[M+H]+", "[M+H]+"]}}