{"cand_form": "C7H8N4O2", "cand_ion": "[M+H]+", "output_tbl": {"mz": [67.0288314819336, 122.0584487915039, 181.07192993164062, 108.05537414550781, 110.0710220336914, 138.0659637451172, 163.06126403808594, 69.04447174072266, 135.0662841796875, 137.08197021484375, 83.06010437011719, 96.05535125732422, 123.04246520996094, 94.03970336914062, 56.0493049621582, 113.03427124023438, 109.03939056396484, 148.0377197265625, 81.0444564819336, 79.02881622314453, 111.05516815185547, 95.04766845703125, 67.0320053100586, 68.03672790527344, 120.05534362792969, 93.04463195800781, 95.02381134033203, 141.0530242919922, 81.03182983398438, 83.0577392578125, 69.04666137695312, 85.03929138183594, 97.03939819335938, 122.03469848632812, 108.0594253540039, 82.05226135253906, 83.02347564697266, 122.0624008178711], "ms2_inten": [1.0, 0.8342661445845684, 0.7368853370776216, 0.7293833011524188, 0.7252585745787499, 0.7169379331573968, 0.6855654600401044, 0.6260990336999411, 0.5958187643906492, 0.5531726674375732, 0.47116875957558985, 0.3714835124201342, 0.34351128074635334, 0.28982753492378877, 0.2720294101747089, 0.2469817807045694, 0.232379000772445, 0.232379000772445, 0.22135943621178655, 0.21447610589527216, 0.1673320053068151, 0.15491933384829668, 0.14832396974191325, 0.14491376746189438, 0.1414213562373095, 0.12649110640673517, 0.11832159566199232, 0.11401754250991379, 0.11401754250991379, 0.10954451150103323, 0.10488088481701516, 0.10488088481701516, 0.10488088481701516, 0.10488088481701516, 0.1, 0.09486832980505137, 0.08944271909999159, 0.08944271909999159], "mono_mass": [67.029074516, 122.05869761199999, 181.072001948, 108.05562361199999, 110.07127367599999, 138.066188296, 163.061437264, 69.04472458, 135.066522644, 137.082172708, 83.06037464399999, 96.05562361199999, 123.0427132, 94.03997354799999, 56.049475611999995, 113.03455382, 109.0396392, 148.037962168, 81.04472458, 79.029074516, 111.055289264, 95.04779857999999, 67.029074516, 68.036899548, 120.05562361199999, 93.04472458, 95.023989136, 141.053277884, 81.03214851599999, 83.06037464399999, 69.04472458, 85.0396392, 97.0396392, 122.034888168, 108.056966296, 82.05254961199999, 83.023989136, 122.060040296], "abs_mass_diff": [0.00024303406640058256, 0.0002488204960826579, 7.201635938258732e-05, 0.0002494664921783851, 0.000251642308583655, 0.00022455088281958524, 0.00017322591406809806, 0.00025283927733710243, 0.00023846431250262867, 0.00020249315625164854, 0.0002702738828048723, 0.0002723546757721351, 0.0002479900390568446, 0.00027017885936686525, 0.0001706498417917146, 0.0002825797656242912, 0.0002486360351525718, 0.00024244143750706826, 0.00026809806639960243, 0.00025829285546308256, 0.00012111214452659169, 0.0001301229687413752, 0.0029307940585994174, 0.0001716427265563425, 0.0002799840703033851, 9.262199218085243e-05, 0.00017779566796605195, 0.0002535920078230447, 0.0003186820156173553, 0.0026353861874923723, 0.0019367969531316476, 0.0003478181640588218, 0.00024100664062132182, 0.00018968167186983464, 0.002459058003907444, 0.00028825946093036237, 0.000513489027341052, 0.002360521871096921], "mass_diff": [1.2151703320029128, 1.2441024804132894, 0.3600817969129366, 1.2473324608919256, 1.258211542918275, 1.1227544140979262, 0.8661295703404903, 1.2641963866855122, 1.1923215625131434, 1.0124657812582427, 1.3513694140243615, 1.3617733788606756, 1.239950195284223, 1.3508942968343263, 0.853249208958573, 1.412898828121456, 1.243180175762859, 1.2122071875353413, 1.3404903319980122, 1.2914642773154128, 0.6055607226329585, 0.650614843706876, 14.653970292997087, 0.8582136327817125, 1.3999203515169256, 0.46310996090426215, 0.8889783398302598, 1.2679600391152235, 1.5934100780867766, 13.176930937461862, 9.683984765658238, 1.739090820294109, 1.205033203106609, 0.9484083593491732, 12.29529001953722, 1.4412973046518118, 2.5674451367052598, 11.802609355484606], "formula": ["C3H2N2", "C5H5N4", "C7H8N4O2", "C5H5N3", "C5H7N3", "C6H7N3O", "C7H6N4O", "C3H4N2", "C6H6N4", "C6H8N4", "C4H6N2", "C4H5N3", "C5H4N3O", "C4H3N3", "C3H5N", "C4H4N2O2", "C5H4N2O", "C6H3N4O", "C4H4N2", "C4H2N2", "C5H6N2O", "C4H4N3", "C3H2N2", "C3H3N2", "C6H5N3", "C5H4N2", "C4H2N2O", "C5H6N3O2", "C3H2N3", "C4H6N2", "C3H4N2", "C3H4N2O", "C4H4N2O", "C5H3N3O", "C7H7O", "C4H5N2", "C3H2N2O", "C7H7NO"], "ions": ["[M+H]+", "[M+H]+", "[M+H]+", "[M+H]+", "[M+H]+", "[M+H]+", "[M+H]+", "[M+H]+", "[M+H]+", "[M+H]+", "[M+H]+", "[M+H]+", "[M+H]+", "[M+H]+", "[M+H]+", "[M+H]+", "[M+H]+", "[M+H]+", "[M+H]+", "[M+H]+", "[M+H]+", "[M+H]+", "[M+H]+", "[M+H]+", "[M+H]+", "[M+H]+", "[M+H]+", "[M+H]+", "[M+H]+", "[M+H]+", "[M+H]+", "[M+H]+", "[M+H]+", "[M+H]+", "[M+H]+", "[M+H]+", "[M+H]+", "[M+H]+"]}}