{"cand_form": "C16H12O5", "cand_ion": "[M+Na]+", "output_tbl": {"mz": [307.0571857916046, 243.06339577858142], "ms2_inten": [0.8324662155306964, 0.5039841267341661], "mono_mass": [307.05769418399996, 243.062779564], "abs_mass_diff": [0.0005083923953748126, 0.0006162145814130326], "mass_diff": [1.6556928770911468, 2.5352010714701496], "formula": ["C16H12O5", "C12H12O4"], "ions": ["[M+Na]+", "[M+Na]+"]}}