{"cand_form": "C21H21NO6", "cand_ion": "[M+Na]+", "output_tbl": {"mz": [190.08599853515625, 191.0893096923828, 346.0684814453125, 190.06561279296875, 190.0701904296875, 149.0595703125, 302.0786437988281, 175.06260681152344, 361.0919189453125, 190.05979919433594, 161.05955505371094, 159.0439910888672, 135.04380798339844, 132.08055114746094, 131.0490264892578, 160.07559204101562, 376.114990234375, 188.07054138183594, 190.11746215820312, 190.13467407226562, 258.1493835449219, 347.0730285644531, 119.04927062988281], "ms2_inten": [1.0, 0.161245154965971, 0.11401754250991379, 0.08366600265340755, 0.07071067811865475, 0.05477225575051661, 0.05477225575051661, 0.05477225575051661, 0.044721359549995794, 0.044721359549995794, 0.044721359549995794, 0.03162277660168379, 0.03162277660168379, 0.03162277660168379, 0.03162277660168379, 0.03162277660168379, 0.03162277660168379, 0.03162277660168379, 0.03162277660168379, 0.03162277660168379, 0.03162277660168379, 0.03162277660168379, 0.03162277660168379], "mono_mass": [190.083849356, 191.091674388, 346.06859321599995, 190.062719988, 190.06859321599998, 149.05730026, 302.07876397599995, 175.06037426, 361.092068312, 190.060039912, 161.05730026, 159.041650196, 135.041650196, 132.078370052, 131.046735576, 160.073284672, 376.11554340799995, 188.068199292, 190.120234864, 190.132810928, 258.14644961199997, 347.076418248, 119.046735576], "abs_mass_diff": [0.0021491791562482376, 0.0023646956171887723, 0.00011177068745382712, 0.002892804968752216, 0.0015972136875177512, 0.00227005249999479, 0.00012017717182288834, 0.0022325515234342674, 0.00014936668748077864, 0.00024071766407018913, 0.00225479371093229, 0.00234089286718131, 0.00215778739843131, 0.0021810954609406963, 0.0022909132578092795, 0.002307369015625227, 0.0005531736249508867, 0.0023420898359347575, 0.0027727057968718327, 0.0018631442656271702, 0.00293393292190558, 0.0033896835468567588, 0.0025350538828092795], "mass_diff": [10.745895781241188, 11.823478085943862, 0.3229727451255618, 14.46402484376108, 7.986068437588756, 11.350262499973951, 0.3978340551042773, 11.162757617171337, 0.41365281149756294, 1.2035883203509457, 11.273968554661451, 11.70446433590655, 10.78893699215655, 10.905477304703481, 11.454566289046397, 11.536845078126134, 1.4707566550489735, 11.710449179673788, 13.863528984359164, 9.31572132813585, 11.365252481399132, 9.766485056119187, 12.675269414046397], "formula": ["C9H13NO2", "C9H14NO2", "C18H13NO5", "C12H9N", "C5H13NO5", "C7H10O2", "C17H13NO3", "C8H10NO2", "C19H16NO5", "C9H11O3", "C8H10O2", "C8H8O2", "C6H8O2", "C7H11N", "C7H8O", "C8H11NO", "C20H19NO5", "C9H11NO2", "C10H17NO", "C11H19O", "C14H21NO2", "C18H14NO5", "C6H8O"], "ions": ["[M+Na]+", "[M+Na]+", "[M+Na]+", "[M+Na]+", "[M+Na]+", "[M+Na]+", "[M+Na]+", "[M+Na]+", "[M+Na]+", "[M+Na]+", "[M+Na]+", "[M+Na]+", "[M+Na]+", "[M+Na]+", "[M+Na]+", "[M+Na]+", "[M+Na]+", "[M+Na]+", "[M+Na]+", "[M+Na]+", "[M+Na]+", "[M+Na]+", "[M+Na]+"]}}