{"cand_form": "C10H9NO2", "cand_ion": "[M+H]+", "output_tbl": {"mz": [130.06472778320312, 103.05387115478516, 117.05691528320312, 130.07598876953125, 95.04882049560547, 128.04898071289062, 146.0596160888672, 131.072998046875, 104.049072265625, 148.07534790039062, 133.05235290527344, 157.01846313476562], "ms2_inten": [1.0, 0.41109609582188933, 0.11401754250991379, 0.1, 0.09486832980505137, 0.08944271909999159, 0.07745966692414834, 0.06324555320336758, 0.06324555320336758, 0.05477225575051661, 0.044721359549995794, 0.044721359549995794], "mono_mass": [130.065125676, 103.054226644, 117.057300644, 130.07770174, 95.049141264, 128.049475612, 146.060040296, 131.072950708, 104.049475612, 148.07569036, 133.052215264, 157.01582975600002], "abs_mass_diff": [0.00039789279688307033, 0.0003554892148400768, 0.00038536079686934954, 0.0017129704687590674, 0.0003207683945305462, 0.0004948991093840505, 0.0004242071328235397, 4.733887499241973e-05, 0.0004033463749948396, 0.0003424596093850596, 0.0001376412734259702, 0.0026333787656085406], "mass_diff": [1.9894639844153514, 1.777446074200384, 1.9268039843467477, 8.564852343795337, 1.6038419726527309, 2.4744955469202523, 2.1210356641176986, 0.23669437496209866, 2.016731874974198, 1.712298046925298, 0.6882063671298511, 13.166893828042703], "formula": ["C9H7N", "C8H6", "C8H6N", "C10H9", "C6H6O", "C9H5N", "C9H7NO", "C9H8N", "C7H5N", "C9H9NO", "C8H6NO", "C9H2NO2"], "ions": ["[M+H]+", "[M+H]+", "[M+H]+", "[M+H]+", "[M+H]+", "[M+H]+", "[M+H]+", "[M+H]+", "[M+H]+", "[M+H]+", "[M+H]+", "[M+H]+"]}}