{"cand_form": "C21H23NO5", "cand_ion": "[M+H]+", "output_tbl": {"mz": [188.07041931152344, 189.07469177246094, 190.08177185058594, 206.08102416992188, 337.12628173828125, 165.09083557128906, 149.05953979492188, 166.06222534179688, 307.09210205078125, 151.0751953125, 353.15777587890625, 290.0929260253906, 181.0857391357422, 321.1315612792969, 153.0908203125, 338.13372802734375, 191.08938598632812, 323.11065673828125, 281.1136474609375, 191.0699920654297, 351.1418762207031, 277.08203125, 309.10797119140625, 135.04388427734375, 275.0682373046875, 295.1522216796875, 260.079833984375, 280.1055908203125, 179.0701141357422, 323.14678955078125, 252.07704162597656, 312.1312255859375], "ms2_inten": [1.0, 0.9899494936611666, 0.7549834435270749, 0.6, 0.5310367218940701, 0.42778499272414877, 0.403732584763727, 0.38858718455450897, 0.3507135583350036, 0.3449637662132068, 0.3420526275297414, 0.33763886032268264, 0.324037034920393, 0.31937438845342625, 0.3082207001484488, 0.2863564212655271, 0.26267851073127396, 0.25495097567963926, 0.24289915602982237, 0.232379000772445, 0.22135943621178655, 0.22135943621178655, 0.22135943621178655, 0.21447610589527216, 0.20976176963403032, 0.2073644135332772, 0.19748417658131498, 0.19748417658131498, 0.19235384061671346, 0.19235384061671346, 0.19235384061671346, 0.18973665961010275], "mono_mass": [188.07060498, 189.075749936, 190.08357496800002, 206.08116966400002, 337.130859508, 165.091006076, 149.05970594800002, 166.06244560000002, 307.09648538, 151.07535601200001, 353.162159636, 290.093745728, 181.08592069600002, 321.135944888, 153.091006076, 338.13868454, 191.0914, 323.11520944399996, 281.11722082399996, 191.07027063200002, 351.14650957199996, 277.08592069599996, 309.112135444, 135.04405588400002, 275.07027063199996, 295.15400025599996, 260.083181044, 280.109395792, 179.07027063200002, 323.151594952, 252.07809566400002, 312.13561053999996], "abs_mass_diff": [0.00018566847657552898, 0.0010581635390565225, 0.0018031174140844541, 0.00014549407814001825, 0.004577769718764557, 0.00017050471095103603, 0.0001661530781404963, 0.00022025820314297562, 0.004383329218740073, 0.00016069950001451616, 0.004383757093762597, 0.0008197026093625936, 0.00018156025782900542, 0.004383608703108166, 0.00018576350001353603, 0.004956512656235645, 0.0020140136718680424, 0.004552705718708694, 0.0035733630624577017, 0.00027856657032998555, 0.004633351296831734, 0.003889445999959662, 0.004164252593739093, 0.00017160665626647642, 0.002033327312460642, 0.0017785763124607001, 0.003347059625014026, 0.0038049716874866135, 0.00015649625782998555, 0.004805401218732186, 0.0010540380234544955, 0.004384954062459201], "mass_diff": [0.9283423828776449, 5.2908176952826125, 9.01558707042227, 0.706004246271858, 13.578798114346906, 0.8525235547551802, 0.8307653907024815, 1.101291015714878, 14.273663143623402, 0.8034975000725808, 12.413027244983379, 2.8256552843031013, 0.9078012891450271, 13.65050724271733, 0.9288175000676802, 14.658439089030564, 10.070068359340212, 14.090236962986873, 12.711453516159306, 1.3928328516499278, 13.195097510726788, 14.037164309837078, 13.471838263143654, 0.8580332813323821, 7.392083260446995, 6.025962814506243, 12.869354665979637, 13.584061911593546, 0.7824812891499278, 14.870645087987285, 4.181412224832603, 14.048431246273738], "formula": ["C11H9NO2", "C8H12O5", "C8H13O5", "C11H11NO3", "C20H18NO4", "C10H12O2", "C9H8O2", "C9H9O3", "C19H14O4", "C9H10O2", "C21H22NO4", "C19H13O3", "C10H12O3", "C20H18NO3", "C9H12O2", "C20H19NO4", "C8H14O5", "C19H16NO4", "C18H16O3", "C11H10O3", "C21H20NO4", "C18H12O3", "C19H16O4", "C8H6O2", "C18H10O3", "C16H22O5", "C18H11O2", "C18H15O3", "C10H10O3", "C20H20NO3", "C16H11O3", "C19H19O4"], "ions": ["[M+H]+", "[M+H]+", "[M+H]+", "[M+H]+", "[M+H]+", "[M+H]+", "[M+H]+", "[M+H]+", "[M+H]+", "[M+H]+", "[M+H]+", "[M+H]+", "[M+H]+", "[M+H]+", "[M+H]+", "[M+H]+", "[M+H]+", "[M+H]+", "[M+H]+", "[M+H]+", "[M+H]+", "[M+H]+", "[M+H]+", "[M+H]+", "[M+H]+", "[M+H]+", "[M+H]+", "[M+H]+", "[M+H]+", "[M+H]+", "[M+H]+", "[M+H]+"]}}