{"cand_form": "C22H28N2O4", "cand_ion": "[M+Na]+", "output_tbl": {"mz": [407.19342041015625, 351.1309814453125, 240.15879821777344, 317.0802307128906, 375.1673583984375, 248.12506103515625, 124.11157989501953, 269.1643371582031, 230.11451721191406, 206.078125, 182.05699157714844, 347.17218017578125, 348.121337890625, 160.07510375976562, 168.04148864746094, 353.1854248046875, 259.0748596191406, 164.07020568847656, 152.06997680664062, 208.1332550048828, 337.1162109375, 352.13311767578125, 211.08297729492188, 267.1484680175781, 182.11753845214844, 241.1324462890625], "ms2_inten": [1.0, 0.565685424949238, 0.5099019513592785, 0.4301162633521313, 0.3807886552931954, 0.37013511046643494, 0.31937438845342625, 0.28460498941515416, 0.23874672772626646, 0.22360679774997896, 0.22360679774997896, 0.21447610589527216, 0.2073644135332772, 0.2024845673131659, 0.19493588689617927, 0.18708286933869708, 0.161245154965971, 0.15811388300841897, 0.15811388300841897, 0.15165750888103102, 0.14491376746189438, 0.1414213562373095, 0.12649110640673517, 0.12649110640673517, 0.1224744871391589, 0.11832159566199232], "mono_mass": [407.19412807599997, 351.13152782, 240.15969437200002, 317.08110970399997, 375.167913328, 248.125714168, 124.10967018, 269.162434024, 230.115149484, 206.078763976, 182.057634608, 347.17299870799997, 348.120628788, 160.073284672, 168.041984544, 353.18356339199994, 259.072950324, 164.068199292, 152.068199292, 208.130799548, 337.115877756, 352.13079954799997, 211.084183704, 267.14678396, 182.115149484, 241.13113389600002], "abs_mass_diff": [0.0007076658437199512, 0.0005463746874738717, 0.0008961542265808475, 0.0008789911093458613, 0.0005549295624973638, 0.0006531328437517914, 0.0019097150195364065, 0.0019031342031325948, 0.0006322720859373021, 0.0006389760000047318, 0.0006430308515632532, 0.0008185322187159727, 0.000709102625023661, 0.001819087765625227, 0.0004958965390642334, 0.0018614126875604597, 0.001909295140649192, 0.0020063964765597575, 0.0017775146406222575, 0.002455456882813678, 0.0003331815000251481, 0.0023181277812795997, 0.0012064090781223058, 0.0016840575781316147, 0.002388968148437698, 0.0013123930624772129], "mass_diff": [1.7379108017195766, 1.5560423783310269, 3.731506958026266, 2.772141004721827, 1.4791520372836227, 2.6322727781989363, 9.548575097682033, 7.070528819774572, 2.747641016299021, 3.1006493290092374, 3.215154257816266, 2.3577125860186467, 2.0369409968384398, 9.095438828126134, 2.479482695321167, 5.270355334141622, 7.369665831165549, 10.031982382798788, 8.887573203111288, 11.797523095269291, 0.9883283248188816, 6.583100722193261, 5.715330973547572, 6.303826447624641, 11.94484074218849, 5.442623266484655], "formula": ["C22H28N2O4", "C18H20N2O4", "C14H21N2", "C21H12NO", "C21H24N2O3", "C12H19NO3", "C6H15N", "C15H22N2O", "C12H17NO2", "C9H13NO3", "C10H9NO", "C20H24N2O2", "C19H19NO4", "C8H11NO", "C9H7NO", "C19H26N2O3", "C16H12O2", "C7H11NO2", "C6H11NO2", "C10H19NO2", "C17H18N2O4", "C22H19NO2", "C11H12N2O", "C15H20N2O", "C8H17NO2", "C13H18N2O"], "ions": ["[M+Na]+", "[M+Na]+", "[M+Na]+", "[M+Na]+", "[M+Na]+", "[M+Na]+", "[M+Na]+", "[M+Na]+", "[M+Na]+", "[M+Na]+", "[M+Na]+", "[M+Na]+", "[M+Na]+", "[M+Na]+", "[M+Na]+", "[M+Na]+", "[M+Na]+", "[M+Na]+", "[M+Na]+", "[M+Na]+", "[M+Na]+", "[M+Na]+", "[M+Na]+", "[M+Na]+", "[M+Na]+", "[M+Na]+"]}}