{"cand_form": "C13H14N2O", "cand_ion": "[M+H]+", "output_tbl": {"mz": [200.0940704345703, 174.0909881591797, 172.09927368164062, 215.11770629882812, 159.06764221191406, 185.07070922851562, 198.0912322998047, 68.04927825927734, 131.07273864746094, 183.067626953125, 171.09164428710938, 199.08651733398438, 143.07275390625, 155.07272338867188, 172.07606506347656, 167.07278442382812, 157.0758056640625, 173.0832977294922, 188.1067657470703, 186.0911407470703, 154.06491088867188, 174.104736328125, 172.1127471923828, 142.06492614746094, 130.06491088867188, 160.07545471191406, 144.08056640625, 147.08023071289062, 145.06459045410156, 158.05984497070312, 145.08837890625, 183.09146118164062, 157.052001953125, 213.10208129882812, 115.05404663085938, 197.08334350585938, 184.09922790527344, 146.09617614746094, 171.0679473876953, 159.07955932617188, 182.05996704101562, 166.06503295898438, 148.07550048828125], "ms2_inten": [1.0, 0.9192388155425117, 0.8549853799919622, 0.5958187643906492, 0.4527692569068708, 0.31937438845342625, 0.2966479394838265, 0.2949576240750525, 0.2810693864511039, 0.2683281572999748, 0.2664582518894845, 0.2664582518894845, 0.2449489742783178, 0.2345207879911715, 0.22135943621178655, 0.2, 0.15491933384829668, 0.1341640786499874, 0.10488088481701516, 0.10488088481701516, 0.10488088481701516, 0.10488088481701516, 0.1, 0.1, 0.09486832980505137, 0.09486832980505137, 0.09486832980505137, 0.08366600265340755, 0.08366600265340755, 0.08366600265340755, 0.07745966692414834, 0.07745966692414834, 0.07745966692414834, 0.07071067811865475, 0.07071067811865475, 0.07071067811865475, 0.07071067811865475, 0.06324555320336758, 0.06324555320336758, 0.06324555320336758, 0.06324555320336758, 0.05477225575051661, 0.05477225575051661], "mono_mass": [200.094414424, 174.091340424, 172.099499804, 215.11788952000003, 159.067865328, 185.070939328, 198.091340424, 68.049475612, 131.072950708, 183.067865328, 171.091674772, 199.086589392, 143.072950708, 155.072950708, 172.07569036, 167.072950708, 157.076024708, 173.083515392, 188.106990488, 186.091340424, 154.065125676, 174.103916488, 172.112075868, 142.065125676, 130.065125676, 160.07569036, 144.08077574, 147.080441392, 145.064791328, 158.060040296, 145.088600772, 183.091674772, 157.052215264, 213.102239456, 115.054226644, 197.083515392, 184.099499804, 146.096425804, 171.067865328, 159.080441392, 182.060040296, 166.065125676, 148.07569036], "abs_mass_diff": [0.0003439894296946022, 0.00035226482032157946, 0.00022612235937913283, 0.00018322117190905374, 0.00022311608594804966, 0.00023009948438357242, 0.00010812419532157946, 0.0001973527226510896, 0.00021206053907008027, 0.00023837487501054966, 3.0484890629622896e-05, 7.205801563259229e-05, 0.00019680175000758027, 0.00022731932813258027, 0.0003747034765524404, 0.00016628417188258027, 0.00021904393750560303, 0.00021766250782206953, 0.00022474092969559933, 0.00019967692969657946, 0.00021478732813307033, 0.0008198401249899234, 0.0006713243828073701, 0.00019952853907057033, 0.00021478732813307033, 0.0002356480859475596, 0.0002093337500070902, 0.00021067910938654677, 0.0002008738984500269, 0.00019532529688603972, 0.00022186575000660014, 0.0002135903593796229, 0.0002133108750115298, 0.00015815717188161216, 0.00018001314062132678, 0.00017188614063456953, 0.00027189872656663283, 0.00024965653906861007, 8.205969530195034e-05, 0.0008820658281365468, 7.325498438603972e-05, 9.271701563307033e-05, 0.0001898717187600596], "mass_diff": [1.7191385479215633, 1.7613241016078973, 1.1306117968956642, 0.8517252022691907, 1.1155804297402483, 1.150497421917862, 0.5406209766078973, 0.986763613255448, 1.0603026953504013, 1.1918743750527483, 0.15242445314811448, 0.36029007816296144, 0.9840087500379013, 1.1365966406629013, 1.873517382762202, 0.8314208594129013, 1.0952196875280151, 1.0883125391103476, 1.1237046484779967, 0.9983846484828973, 1.0739366406653517, 4.099200624949617, 3.3566219140368503, 0.9976426953528517, 1.0739366406653517, 1.178240429737798, 1.046668750035451, 1.0533955469327339, 1.0043694922501345, 0.9766264844301985, 1.1093287500330007, 1.0679517968981145, 1.066554375057649, 0.742166246888185, 0.9000657031066339, 0.8594307031728476, 1.3594936328331642, 1.2482826953430504, 0.4102984765097517, 4.410329140682734, 0.3662749219301986, 0.46358507816535166, 0.949358593800298], "formula": ["C12H11N2O", "C11H11NO", "C11H11N2", "C13H14N2O", "C10H8NO", "C11H8N2O", "C13H11NO", "C4H5N", "C9H8N", "C12H8NO", "C11H10N2", "C12H10N2O", "C10H8N", "C11H8N", "C11H9NO", "C12H8N", "C10H8N2", "C11H10NO", "C12H13NO", "C12H11NO", "C11H7N", "C12H13O", "C12H13N", "C10H7N", "C9H7N", "C10H9NO", "C10H9N", "C10H10O", "C10H8O", "C10H7NO", "C10H10N", "C12H10N2", "C10H6NO", "C13H12N2O", "C9H6", "C13H10NO", "C12H11N2", "C10H11N", "C11H8NO", "C11H10O", "C12H7NO", "C12H7N", "C9H9NO"], "ions": ["[M+H]+", "[M+H]+", "[M+H]+", "[M+H]+", "[M+H]+", "[M+H]+", "[M+H]+", "[M+H]+", "[M+H]+", "[M+H]+", "[M+H]+", "[M+H]+", "[M+H]+", "[M+H]+", "[M+H]+", "[M+H]+", "[M+H]+", "[M+H]+", "[M+H]+", "[M+H]+", "[M+H]+", "[M+H]+", "[M+H]+", "[M+H]+", "[M+H]+", "[M+H]+", "[M+H]+", "[M+H]+", "[M+H]+", "[M+H]+", "[M+H]+", "[M+H]+", "[M+H]+", "[M+H]+", "[M+H]+", "[M+H]+", "[M+H]+", "[M+H]+", "[M+H]+", "[M+H]+", "[M+H]+", "[M+H]+", "[M+H]+"]}}