{"cand_form": "C23H26N2O4", "cand_ion": "[M+Na]+", "output_tbl": {"mz": [301.1069641113281, 285.1117248535156, 91.02657318115234, 120.0443344116211, 161.06687927246094], "ms2_inten": [0.5966573556070519, 0.4472135954999579, 0.4449719092257398, 0.4381780460041329, 0.4207136793592526], "mono_mass": [301.107324452, 285.11240983199997, 91.026668828, 120.041984544, 161.06853364], "abs_mass_diff": [0.0003603406718752922, 0.0006849784843439011, 9.564684765450693e-05, 0.0023498676210920166, 0.001654367539060786], "mass_diff": [1.1967198199443292, 2.4024914608328665, 0.4782342382725347, 11.749338105460083, 8.27183769530393], "formula": ["C18H16NO2", "C18H16NO", "C3H4N2", "C5H7NO", "C7H10N2O"], "ions": ["[M+Na]+", "[M+Na]+", "[M+Na]+", "[M+Na]+", "[M+Na]+"]}}