{"cand_form": "C20H20O4", "cand_ion": "[M+H]+", "output_tbl": {"mz": [167.03401117935985, 149.02282183296364, 131.01251724122235, 197.0594982759484, 121.02811818555097, 169.06445086233856, 93.03331271779246, 65.0385697738225, 195.0798858710041, 147.0443341632361, 107.04911746068842, 167.05023908750698, 223.07502985680594, 251.07078023306752, 167.04676147995397, 163.0388460622323, 177.0698106956538, 119.04895570129075, 167.08502114004352, 111.04368037890427, 269.08134769609376, 121.06458463525537, 95.01268843345974, 181.04977655166522, 205.0866923428267, 131.048755511668, 91.05399534275348, 103.01770124135778, 137.02316786984778, 175.03806179220012, 227.07051925571, 209.06052044057995, 205.06461765743413, 194.07148665083432, 193.0492825696566, 181.0641649032288, 139.03873319123028, 165.07067094454263, 152.06121007026897, 141.06940907667806, 65.03659852650928], "ms2_inten": [1.0, 0.43703546766824314, 0.19493588689617927, 0.17029386365926402, 0.15165750888103102, 0.1341640786499874, 0.11832159566199232, 0.11401754250991379, 0.09486832980505137, 0.08944271909999159, 0.08944271909999159, 0.08366600265340755, 0.08366600265340755, 0.07745966692414834, 0.07745966692414834, 0.07071067811865475, 0.07071067811865475, 0.06324555320336758, 0.06324555320336758, 0.06324555320336758, 0.05477225575051661, 0.05477225575051661, 0.044721359549995794, 0.044721359549995794, 0.044721359549995794, 0.03162277660168379, 0.03162277660168379, 0.03162277660168379, 0.03162277660168379, 0.03162277660168379, 0.03162277660168379, 0.03162277660168379, 0.03162277660168379, 0.03162277660168379, 0.03162277660168379, 0.03162277660168379, 0.03162277660168379, 0.03162277660168379, 0.03162277660168379, 0.03162277660168379, 0.03162277660168379], "mono_mass": [167.03388512400002, 149.02332044000002, 131.01275575600002, 197.05970594800002, 121.02840582, 169.064791328, 93.0334912, 65.03857658, 195.080441392, 147.04405588400002, 107.049141264, 167.049141264, 223.07535601200001, 251.07027063200002, 167.049141264, 163.03897050400002, 177.069876708, 119.049141264, 167.085526772, 111.044055884, 269.080835316, 121.064791328, 95.012755756, 181.04953518800002, 205.08592069600002, 131.049141264, 91.054226644, 103.017841136, 137.02332044000002, 175.03897050400002, 227.07027063200002, 209.05970594800002, 205.064791328, 194.07261636, 193.04953518800002, 181.064791328, 139.03897050400002, 165.069876708, 152.062051676, 141.069876708, 65.03857658], "abs_mass_diff": [0.00012605535982856964, 0.0004986070363770523, 0.00023851477766356766, 0.00020767205160154845, 0.00028763444903745494, 0.0003404656614520718, 0.00017848220754501654, 6.806177495377597e-06, 0.0005555209959027252, 0.00027827923608469973, 2.3803311577808017e-05, 0.0010978235069671882, 0.00032615519407386273, 0.0005096010675060825, 0.0023797840460417774, 0.0001244417677241927, 6.601234619552088e-05, 0.00018556270924818818, 0.0005056319564857858, 0.0003755050957323647, 0.0005123800937667511, 0.0002066927446264799, 6.732254026076134e-05, 0.00024136366519655894, 0.000771646826677852, 0.00038575233202209347, 0.0002313012465151587, 0.00013989464221708658, 0.00015257015223824055, 0.0009087117998944905, 0.00024862370997880134, 0.0008144925799342673, 0.0001736705658856863, 0.0011297091656956582, 0.0002526183434099494, 0.0006264247712124416, 0.0002373127697410382, 0.0007942365426174547, 0.0008416057310398628, 0.00046763132195337676, 0.001978053490717002], "mass_diff": [0.6302767991428482, 2.4930351818852614, 1.1925738883178383, 1.0383602580077422, 1.4381722451872747, 1.702328307260359, 0.8924110377250827, 0.03403088747688798, 2.777604979513626, 1.3913961804234987, 0.11901655788904009, 5.489117534835941, 1.4620874164321527, 2.029710773324649, 11.898920230208887, 0.6222088386209634, 0.3300617309776044, 0.9278135462409409, 2.5281597824289292, 1.8775254786618234, 1.9041828731489934, 1.0334637231323995, 0.3366127013038067, 1.2068183259827947, 3.7625397233866003, 1.9287616601104673, 1.1565062325757935, 0.6994732110854329, 0.7628507611912028, 4.543558999472452, 1.0949184896116775, 3.8959655233698975, 0.8469065403365079, 5.648545828478291, 1.2630917170497469, 3.132123856062208, 1.186563848705191, 3.971182713087274, 4.208028655199314, 2.3381566097668838, 9.890267453585011], "formula": ["C8H6O4", "C8H4O3", "C8H2O2", "C13H8O2", "C7H4O2", "C12H8O", "C6H4O", "C5H4", "C14H10O", "C9H6O2", "C7H6O", "C12H6O", "C15H10O2", "C16H10O3", "C12H6O", "C9H6O3", "C14H8", "C8H6O", "C13H10", "C6H6O2", "C16H12O4", "C8H8O", "C5H2O2", "C9H8O4", "C12H12O3", "C9H6O", "C7H6", "C7H2O", "C7H4O3", "C10H6O3", "C14H10O3", "C14H8O2", "C15H8O", "C14H9O", "C10H8O4", "C13H8O", "C7H6O3", "C13H8", "C12H7", "C11H8", "C5H4"], "ions": ["[M+H]+", "[M+H]+", "[M+H]+", "[M+H]+", "[M+H]+", "[M+H]+", "[M+H]+", "[M+H]+", "[M+H]+", "[M+H]+", "[M+H]+", "[M+H]+", "[M+H]+", "[M+H]+", "[M+H]+", "[M+H]+", "[M+H]+", "[M+H]+", "[M+H]+", "[M+H]+", "[M+H]+", "[M+H]+", "[M+H]+", "[M+H]+", "[M+H]+", "[M+H]+", "[M+H]+", "[M+H]+", "[M+H]+", "[M+H]+", "[M+H]+", "[M+H]+", "[M+H]+", "[M+H]+", "[M+H]+", "[M+H]+", "[M+H]+", "[M+H]+", "[M+H]+", "[M+H]+", "[M+H]+"]}}