{"cand_form": "C23H28O13", "cand_ion": "[M+H]+", "output_tbl": {"mz": [151.03888911422672, 165.0540346109207, 147.04375366024914, 333.09448323618557, 119.04848727638405, 183.06421638276944, 315.0849445222903, 169.04957613202637, 137.05966470726733, 97.02783436409692, 513.157089226243, 351.105583448514, 109.06469802358274, 85.02822366638486, 127.03881718635084, 135.04382010673743, 495.1465511213143, 309.0968494701469, 91.05410792301839, 123.04337333450553], "ms2_inten": [1.0, 0.5674504383644443, 0.3391164991562634, 0.3301514803843836, 0.2863564212655271, 0.2683281572999748, 0.2588435821108957, 0.232379000772445, 0.22360679774997896, 0.1673320053068151, 0.15491933384829668, 0.14832396974191325, 0.1341640786499874, 0.11832159566199232, 0.11401754250991379, 0.10954451150103323, 0.10488088481701516, 0.1, 0.08944271909999159, 0.08366600265340755], "mono_mass": [151.03897050400002, 165.05462056800002, 147.04405588400002, 333.09687930399997, 119.049141264, 183.06518525200002, 315.08631462, 169.04953518800002, 137.05970594800002, 97.02840582, 513.160267408, 351.10744398799994, 109.064791328, 85.02840582, 127.038970504, 135.04405588400002, 495.14970272399995, 309.09687930399997, 91.054226644, 123.044055884], "abs_mass_diff": [8.138977329963382e-05, 0.000585957079323407, 0.00030222375087873843, 0.0023960678144021585, 0.0006539876159479263, 0.0009688692305758195, 0.0013700977096959832, 4.094402635246297e-05, 4.1240732684855175e-05, 0.0005714559030849387, 0.003178181756993581, 0.001860539485960544, 9.330441726262961e-05, 0.00018215361514251072, 0.00015331764916481916, 0.00023577726258849907, 0.0031516026856479584, 2.983385309107689e-05, 0.00011872098160381483, 0.0006825494944706634], "mass_diff": [0.4069488664981691, 2.929785396617035, 1.5111187543936921, 7.1933578458673875, 3.2699380797396316, 4.844346152879098, 4.348343941895508, 0.20472013176231485, 0.20620366342427587, 2.8572795154246933, 6.193389555985204, 5.299088290441194, 0.46652208631314807, 0.9107680757125536, 0.7665882458240958, 1.1788863129424954, 6.364989675300786, 0.09651943441745853, 0.5936049080190742, 3.412747472353317], "formula": ["C8H6O3", "C9H8O3", "C9H6O2", "C17H16O7", "C8H6O", "C9H10O4", "C17H14O6", "C8H8O4", "C8H8O2", "C5H4O2", "C23H28O13", "C17H18O8", "C7H8O", "C4H4O2", "C6H6O3", "C8H6O2", "C23H26O12", "C15H16O7", "C7H6", "C7H6O2"], "ions": ["[M+H]+", "[M+H]+", "[M+H]+", "[M+H]+", "[M+H]+", "[M+H]+", "[M+H]+", "[M+H]+", "[M+H]+", "[M+H]+", "[M+H]+", "[M+H]+", "[M+H]+", "[M+H]+", "[M+H]+", "[M+H]+", "[M+H]+", "[M+H]+", "[M+H]+", "[M+H]+"]}}